,Sales
0,1740.3759
1,1436.6554
2,631.6008
3,2873.1274
4,6071.601
5,1662.5115
6,535.7175
7,1229.7535
8,1517.9033
9,2697.786
10,2090.136
11,1370.4175
12,-202.02347
13,2246.0037
14,825.4124
15,2593.4346
16,3625.9302
17,2929.5215
18,2254.1287
19,696.2613
20,2582.92
21,4019.4363
22,694.256
23,862.67615
24,3336.3665
25,585.78754
26,733.97986
27,1992.8549
28,3162.383
29,2601.1704
30,-153.48611
31,2552.1895
32,406.10226
33,5114.078
34,2377.7615
35,4857.5596
36,1828.0299
37,223.36589
38,3461.1445
39,2170.151
40,1296.1858
41,-244.82964
42,2102.1377
43,1995.9319
44,1427.0657
45,1751.9366
46,19.7934
47,3494.1938
48,3235.8972
49,1955.0153
50,988.7125
51,1936.2931
52,3559.7024
53,2050.9763
54,4530.3906
55,2382.9678
56,4215.431
57,635.9852
58,312.32364
59,1203.882
60,2621.9316
61,3183.115
62,2863.6243
63,1225.646
64,2084.5728
65,2317.9297
66,2436.2214
67,4608.4727
68,3432.4045
69,3469.0532
70,3771.9124
71,2308.9192
72,1856.3135
73,5598.697
74,2845.612
75,2941.654
76,97.70591
77,2544.2544
78,813.9019
79,2130.449
80,2748.7803
81,1466.6403
82,2188.6704
83,4570.8374
84,1993.1796
85,1657.2126
86,2748.0706
87,2798.8567
88,924.6099
89,743.8496
90,2702.9104
91,4935.114
92,2235.4604
93,1553.8805
94,1990.9712
95,661.4222
96,1897.2377
97,1957.9801
98,3653.5137
99,968.4676
100,1860.3031
101,1444.6904
102,2852.9614
103,2100.0457
104,848.15454
105,6677.29
106,1213.2438
107,858.39307
108,1430.5092
109,4920.0713
110,616.93646
111,3766.8206
112,165.29791
113,5970.482
114,1705.529
115,2027.8082
116,711.2969
117,1485.6139
118,1244.392
119,1600.6178
120,4479.3374
121,438.5195
122,1345.7595
123,1923.5406
124,3495.1687
125,4789.06
126,1924.3538
127,505.86298
128,1504.9313
129,1668.4823
130,2729.8108
131,2021.826
132,1949.8643
133,-201.82635
134,1171.2344
135,-55.670856
136,488.43433
137,1091.3424
138,-90.53732
139,2508.3005
140,227.15019
141,857.56683
142,1514.0012
143,2222.3079
144,1278.2876
145,1751.7247
146,2397.7153
147,4286.279
148,1577.7397
149,991.14154
150,1828.8221
151,4741.6714
152,682.9685
153,5669.934
154,2246.7046
155,2200.765
156,485.15833
157,1209.9718
158,1063.3965
159,853.7027
160,2105.0237
161,2670.2324
162,3934.528
163,3420.0881
164,909.1025
165,149.0329
166,1923.6604
167,2333.131
168,2325.1738
169,629.34595
170,3255.5852
171,2663.0168
172,646.6342
173,200.83968
174,2081.39
175,3122.3608
176,3137.3538
177,5108.321
178,560.1524
179,7044.6763
180,1824.5486
181,3091.1055
182,4386.7236
183,892.9107
184,179.70387
185,1750.232
186,3738.52
187,2917.8152
188,3784.476
189,2825.877
190,1558.2721
191,3133.0269
192,2143.637
193,1143.2533
194,844.74646
195,3328.928
196,-51.865635
197,3774.9768
198,2639.8423
199,91.77561
200,2297.494
201,2252.3289
202,3523.596
203,3111.815
204,1888.3461
205,1762.453
206,4115.7344
207,1603.3105
208,3680.2834
209,1814.3665
210,2693.895
211,27.484838
212,2805.4749
213,1593.7201
214,3482.3875
215,2053.5752
216,373.6623
217,5388.393
218,2626.1987
219,4045.646
220,969.2464
221,2568.3289
222,3447.1191
223,3098.6702
224,1911.5258
225,1299.3685
226,3208.58
227,2524.6091
228,692.6089
229,1559.8418
230,4026.976
231,552.73926
232,1560.8372
233,1515.4893
234,1024.7389
235,2096.9146
236,2514.9983
237,1876.1432
238,297.8713
239,3692.5962
240,-52.360516
241,4641.6455
242,42.349438
243,1472.5782
244,197.40996
245,2380.4993
246,766.30853
247,680.01483
248,119.36808
249,4766.8
250,3779.891
251,315.6182
252,-52.9718
253,1900.9701
254,4211.9854
255,1544.1056
256,4276.8706
257,3501.511
258,1244.102
259,750.27985
260,3663.8745
261,2266.7554
262,2605.6204
263,3644.16
264,3701.7166
265,2925.2166
266,1984.5115
267,3140.5786
268,1983.6844
269,3586.8396
270,4010.772
271,1606.8857
272,3755.0051
273,2059.0571
274,776.0644
275,1189.8025
276,432.87067
277,611.69824
278,1778.057
279,2088.5703
280,1910.1418
281,1790.1833
282,2408.6902
283,2299.2527
284,5456.0923
285,3980.4172
286,310.74017
287,1396.5535
288,844.2099
289,1017.8226
290,831.37555
291,1994.5826
292,1870.8873
293,1486.555
294,3305.2556
295,2606.834
296,1973.5155
297,2643.515
298,623.3259
299,369.58774
300,483.59204
301,3438.2463
302,3066.876
303,1781.5269
304,1842.4641
305,2611.2043
306,3987.9287
307,1778.8297
308,2662.5708
309,3382.6536
310,1670.3866
311,2842.8506
312,2218.236
313,3227.896
314,2099.1238
315,926.528
316,3830.0322
317,2691.8755
318,4903.9116
319,1850.2832
320,1610.9253
321,1872.954
322,2973.5088
323,2741.6836
324,2988.454
325,3028.4094
326,218.42386
327,2420.4236
328,922.75586
329,445.55872
330,341.8142
331,3087.211
332,3863.0437
333,-15.981317
334,1538.1099
335,1483.2986
336,1165.4421
337,1615.0337
338,2536.0264
339,3638.9897
340,2427.115
341,597.6515
342,2893.6582
343,4125.255
344,1594.5529
345,2258.2805
346,2346.9407
347,4718.5884
348,2386.7986
349,1635.7352
350,3576.7686
351,512.19867
352,-13.2869625
353,548.58875
354,4167.3335
355,2942.3286
356,2074.6885
357,1166.9583
358,2100.582
359,2260.6675
360,507.20703
361,2194.1484
362,1592.1167
363,877.71265
364,492.19275
365,1927.4067
366,1745.8262
367,1815.3595
368,2509.5283
369,3065.2644
370,4556.737
371,231.73021
372,415.63998
373,3892.3794
374,6032.6157
375,1852.5557
376,3634.4773
377,611.52625
378,2332.27
379,3540.782
380,1420.0339
381,4047.0483
382,1458.4558
383,-74.47842
384,1527.3883
385,-27.391705
386,406.4499
387,3291.5752
388,2072.1309
389,1773.5593
390,3018.879
391,3736.7935
392,2281.1067
393,134.1665
394,2079.6553
395,2447.2957
396,1433.3948
397,1948.7285
398,2486.4224
399,1479.356
400,2357.8157
401,840.1075
402,2688.709
403,330.3398
404,3006.9543
405,2957.1174
406,743.8611
407,3416.244
408,1319.5211
409,255.93222
410,4042.768
411,2318.6938
412,972.28546
413,2550.9478
414,1749.1475
415,175.26231
416,3849.7131
417,507.2306
418,280.279
419,4351.8213
420,1568.6649
421,777.81805
422,1122.0012
423,2045.8439
424,2047.246
425,3164.1704
426,4170.1978
427,1194.6233
428,4041.5364
429,729.7936
430,1312.8419
431,2904.482
432,594.3427
433,1410.8917
434,2947.8572
435,4675.3423
436,39.054382
437,1654.3313
438,2853.6208
439,1920.1632
440,1904.6808
441,2927.4985
442,689.5094
443,1169.9418
444,2727.5356
445,2578.64
446,2558.238
447,3789.0356
448,5565.5347
449,2309.2305
450,785.0053
451,271.97485
452,2843.3542
453,1903.3823
454,3019.4817
455,1255.5339
456,1107.9106
457,1516.6248
458,3977.6096
459,1653.3013
460,1430.2032
461,1735.0391
462,964.1864
463,1929.7527
464,5878.3384
465,370.62204
466,1495.0176
467,675.0775
468,4086.4854
469,1333.249
470,3656.9006
471,1462.9443
472,2461.8025
473,155.27151
474,-346.1919
475,896.9748
476,2881.6194
477,2867.5195
478,-10.020706
479,586.48517
480,3341.1934
481,1324.6388
482,2314.3667
483,3653.5413
484,3556.6548
485,2067.4197
486,3594.1802
487,2075.9263
488,2273.5571
489,1588.5328
490,2548.293
491,3275.0396
492,2630.7864
493,1404.5839
494,97.89873
495,2810.1309
496,1771.1533
497,3980.5674
498,3318.9585
499,2736.7847
500,2042.2354
501,443.34995
502,1450.2108
503,3957.2996
504,899.97656
505,2552.2522
506,598.09033
507,1578.618
508,2916.3633
509,3563.2986
510,2707.2368
511,4449.8135
512,-134.3723
513,1824.8271
514,1720.7336
515,2361.0444
516,73.716835
517,2821.0757
518,2575.4758
519,409.8076
520,2103.0374
521,607.77606
522,481.89
523,2034.3911
524,4979.079
525,6303.2974
526,2726.9753
527,1393.434
528,477.5013
529,3322.2363
530,1374.2537
531,3464.7798
532,1423.263
533,2139.3293
534,1527.0361
535,3262.4084
536,1913.3173
537,4695.7656
538,2022.3615
539,4704.532
540,3208.7415
541,-122.308
542,1692.4656
543,-160.75644
544,3984.5447
545,6116.778
546,1827.6018
547,209.12878
548,3809.0527
549,4441.312
550,985.7605
551,1634.732
552,452.28226
553,3609.3813
554,1995.3934
555,1251.042
556,3543.1501
557,292.74847
558,2690.0493
559,2855.972
560,2551.1782
561,897.49097
562,2799.2878
563,2296.6233
564,3183.0474
565,4190.476
566,3832.3315
567,2038.1006
568,2212.275
569,4026.166
570,1261.4868
571,2558.929
572,1799.7035
573,1687.6013
574,2563.4492
575,207.22499
576,270.05997
577,918.11804
578,-1392.1453
579,2328.9592
580,3526.0771
581,271.31882
582,3881.1975
583,2058.8435
584,1602.4501
585,3207.8618
586,1872.4166
587,872.9007
588,3748.824
589,2456.509
590,5082.7095
591,1629.7814
592,2232.132
593,3181.4634
594,3214.5227
595,783.45435
596,2124.915
597,1881.734
598,2219.3867
599,1790.3881
600,3175.0063
601,2365.1514
602,2309.1523
603,2100.7002
604,2304.3367
605,5515.1104
606,2101.338
607,1358.3605
608,824.7748
609,359.5022
610,305.30087
611,1835.7059
612,2763.903
613,3863.8118
614,2291.603
615,134.18204
616,1525.2501
617,869.6018
618,287.59464
619,618.89355
620,516.34973
621,158.42139
622,2097.8884
623,2291.3484
624,3076.3232
625,2345.9917
626,514.4376
627,3083.5254
628,1520.325
629,943.6403
630,1835.2133
631,1881.7004
632,1465.5283
633,1268.3835
634,1212.123
635,210.53957
636,2260.0818
637,-363.7672
638,1191.2228
639,2959.302
640,688.67487
641,2225.6562
642,4094.7976
643,3091.5771
644,1838.9363
645,2077.446
646,1818.9497
647,2726.7126
648,1138.6653
649,526.70825
650,1515.7495
651,3906.5583
652,1651.5516
653,2839.3818
654,2557.1501
655,3715.2903
656,696.68976
657,461.9165
658,4121.362
659,4333.05
660,2949.5935
661,3382.8228
662,4208.067
663,3467.7986
664,708.65015
665,1722.375
666,2801.334
667,1339.0934
668,2429.2812
669,3214.6924
670,638.55334
671,3183.4084
672,4353.916
673,1826.7144
674,-209.9831
675,1476.7805
676,2300.4766
677,369.0687
678,2760.2732
679,2613.8628
680,1651.1892
681,7002.6934
682,2113.2207
683,267.55615
684,2093.504
685,3490.249
686,1815.5109
687,2679.5496
688,3704.853
689,425.22058
690,6492.1885
691,1337.5381
692,2092.2864
693,2304.3093
694,15.227158
695,1942.8242
696,5885.679
697,583.90454
698,3200.6199
699,2458.3708
700,5666.2935
701,1587.1697
702,1718.0359
703,145.39174
704,1528.4264
705,3264.1128
706,569.2084
707,4205.249
708,4029.2412
709,4302.1177
710,2830.1921
711,2904.4185
712,3477.2024
713,777.0833
714,1496.9686
715,2844.599
716,1965.1606
717,-41.778522
718,2922.851
719,575.9454
720,1542.276
721,719.81775
722,383.4377
723,2117.2695
724,1972.5597
725,2753.1926
726,1041.9365
727,1538.2832
728,5330.88
729,2321.9543
730,1624.3411
731,2201.7651
732,3477.3345
733,34.498516
734,2024.7262
735,2267.3706
736,2521.7146
737,679.6334
738,3455.5642
739,1658.1671
740,1802.2285
741,2050.6177
742,3429.2644
743,2737.5957
744,4365.9033
745,2131.662
746,3991.5818
747,3551.456
748,5211.2754
749,917.2433
750,5425.541
751,3103.21
752,2461.7935
753,800.7547
754,2204.0378
755,2285.5845
756,1959.3446
757,1833.9752
758,1862.3444
759,990.96204
760,4236.9893
761,1961.3729
762,3036.3638
763,1543.9401
764,3301.5383
765,2144.368
766,5153.864
767,2055.129
768,1881.7275
769,2545.2273
770,1309.0195
771,3422.6313
772,2744.6006
773,-260.9093
774,418.74564
775,3359.701
776,3129.0576
777,2619.1162
778,2058.7014
779,3237.1912
780,1013.2586
781,1880.6703
782,1127.9705
783,898.6793
784,2209.2183
785,963.2436
786,1875.4218
787,3488.751
788,526.21674
789,1814.7573
790,1848.325
791,3964.3735
792,494.50043
793,4106.87
794,1886.3342
795,1330.5669
796,3340.3381
797,769.4206
798,2360.859
799,663.3071
800,1370.8916
801,3612.529
802,2324.5342
803,392.07462
804,1247.1498
805,3416.5884
806,2519.0242
807,3078.0056
808,3905.3335
809,2369.189
810,1979.095
811,2815.3464
812,1393.5459
813,1399.623
814,1945.8036
815,2274.1519
816,2387.9963
817,4087.1404
818,2312.2285
819,3511.2927
820,11.624872
821,5119.6733
822,587.3904
823,1643.8842
824,-832.28766
825,1348.6843
826,2021.5331
827,3528.8838
828,672.6874
829,742.46857
830,1184.5076
831,176.60226
832,3738.125
833,1590.4706
834,1887.5073
835,2450.5444
836,2948.1802
837,2754.222
838,2088.7126
839,682.1071
840,4029.4663
841,500.6815
842,380.2158
843,794.902
844,2219.6787
845,290.14563
846,1555.5043
847,900.00586
848,1955.318
849,2615.372
850,2853.094
851,4408.2646
852,6250.3433
853,2390.2153
854,689.5312
855,4105.53
856,1552.4279
857,3951.6694
858,174.95045
859,3746.4102
860,1987.475
861,4859.6216
862,2149.1064
863,1216.4022
864,1708.3081
865,2032.1261
866,6188.3325
867,2509.5273
868,2047.2761
869,4373.765
870,2943.214
871,50.299767
872,1125.9481
873,3557.836
874,2469.8357
875,254.32712
876,1107.9966
877,1403.5731
878,715.3521
879,870.5677
880,1764.5602
881,4890.272
882,2634.031
883,1097.8386
884,4291.679
885,3245.0625
886,2345.9058
887,-1306.6305
888,169.7991
889,3158.5928
890,902.15765
891,1545.7361
892,1427.0385
893,3193.716
894,1354.0691
895,4247.519
896,2863.6265
897,1446.0181
898,1214.4077
899,1670.1547
900,724.427
901,1799.1572
902,2078.2974
903,268.9205
904,3090.3855
905,2215.69
906,2206.211
907,1189.1066
908,3838.9902
909,436.83276
910,2831.4521
911,96.706726
912,2673.104
913,1729.2239
914,1834.4171
915,3173.8755
916,831.52466
917,2019.1019
918,7462.7246
919,1435.5364
920,2015.4327
921,1859.4271
922,3157.7605
923,3008.6472
924,660.3726
925,1993.9451
926,1701.98
927,3762.7
928,2068.4646
929,1671.8345
930,80.56051
931,6861.142
932,3355.314
933,2622.0828
934,4144.8228
935,1685.9696
936,333.4755
937,2253.0366
938,57.951
939,4838.0435
940,5058.6187
941,1876.8909
942,2072.945
943,289.4104
944,1304.2726
945,259.25153
946,681.6738
947,716.97125
948,2408.2285
949,585.95734
950,3125.7786
951,3899.5613
952,1227.4191
953,1415.3328
954,918.4739
955,1534.276
956,2068.113
957,2708.6755
958,952.57715
959,2207.6418
960,2100.837
961,3801.4106
962,2962.122
963,122.750984
964,2036.5156
965,1920.3993
966,2134.7024
967,3464.2969
968,2762.8235
969,14.971174
970,5225.1113
971,1977.274
972,5100.8726
973,2471.233
974,534.0107
975,3430.5564
976,553.1696
977,1932.9711
978,2932.8643
979,1703.079
980,1932.9132
981,1219.8425
982,2806.4902
983,3503.297
984,3934.5005
985,1921.5569
986,3219.7778
987,761.12823
988,1557.942
989,3220.0947
990,1528.1562
991,1267.6025
992,3222.2822
993,3539.554
994,5455.9937
995,4145.173
996,2071.061
997,2063.6453
998,2209.3262
999,1392.02
1000,2363.8738
1001,2326.471
1002,3010.7688
1003,3793.2651
1004,2052.243
1005,1772.7358
1006,3215.576
1007,1465.8842
1008,2869.444
1009,4253.2495
1010,1826.628
1011,129.0123
1012,2268.1355
1013,1114.1184
1014,1138.1426
1015,1760.4745
1016,1222.943
1017,2827.5645
1018,2610.002
1019,3037.9417
1020,5480.504
1021,1798.4679
1022,3238.43
1023,399.90842
1024,578.5045
1025,931.95654
1026,5158.6797
1027,3634.6833
1028,2920.1528
1029,3266.988
1030,871.3361
1031,2060.2588
1032,4512.3447
1033,1274.6234
1034,1241.3834
1035,4472.0034
1036,6263.54
1037,1518.2815
1038,4248.903
1039,1909.9294
1040,2713.243
1041,2659.297
1042,537.57294
1043,4148.4414
1044,2413.79
1045,2165.441
1046,50.26236
1047,953.9992
1048,2146.7422
1049,2555.228
1050,1131.2606
1051,1596.7743
1052,527.68134
1053,4927.5005
1054,1730.9044
1055,2406.8503
1056,2974.9182
1057,2158.398
1058,2117.0012
1059,2247.4644
1060,1904.9408
1061,2481.307
1062,2936.6995
1063,721.1511
1064,-85.40914
1065,6536.212
1066,708.51434
1067,3961.0164
1068,4301.047
1069,-242.86584
1070,901.4033
1071,1393.2358
1072,944.28406
1073,1205.2174
1074,4166.74
1075,3765.2046
1076,770.5802
1077,1945.4331
1078,1355.6448
1079,1359.0852
1080,2401.7249
1081,1494.8649
1082,990.97534
1083,4355.848
1084,1154.2722
1085,1770.1694
1086,1186.7959
1087,1386.8402
1088,3320.4604
1089,1598.4685
1090,3555.3635
1091,1569.3804
1092,4025.574
1093,3028.266
1094,810.73303
1095,1934.1896
1096,717.77124
1097,1363.6576
1098,5214.4272
1099,1599.3096
1100,2557.355
1101,1518.8997
1102,1555.8705
1103,612.9077
1104,819.3512
1105,1355.2609
1106,1464.0375
1107,2725.8916
1108,352.4222
1109,2809.158
1110,1720.0786
1111,2787.7788
1112,416.48154
1113,3115.4697
1114,2041.0875
1115,5288.8228
1116,2648.49
1117,1801.3951
1118,4249.2974
1119,4100.5483
1120,3939.4458
1121,3925.9778
1122,4096.9233
1123,3415.0278
1124,3202.09
1125,2208.3088
1126,400.0626
1127,812.59235
1128,1371.1316
1129,2158.7722
1130,4525.2085
1131,1258.9309
1132,1334.6005
1133,4051.3328
1134,305.56808
1135,2209.6584
1136,2929.0042
1137,5050.1064
1138,1078.6345
1139,3007.158
1140,1765.6547
1141,1765.934
1142,908.79913
1143,2108.8704
1144,2145.5884
1145,238.01846
1146,2053.937
1147,390.21255
1148,1596.3231
1149,519.30475
1150,3225.7026
1151,681.74274
1152,3803.1428
1153,465.46353
1154,3733.3174
1155,2720.4226
1156,4998.7124
1157,3027.322
1158,1459.1292
1159,1983.5997
1160,998.434
1161,4647.784
1162,5029.192
1163,1989.5822
1164,695.1488
1165,1933.8523
1166,3798.296
1167,1513.7385
1168,2142.552
1169,1956.4642
1170,2512.361
1171,2721.9575
1172,2841.3914
1173,1610.01
1174,1343.8477
1175,1866.5283
1176,952.87524
1177,589.15955
1178,2788.6614
1179,3012.234
1180,1995.2324
1181,1993.4758
1182,2457.449
1183,2487.604
1184,3043.1335
1185,685.1196
1186,2047.7535
1187,2456.8901
1188,2943.6562
1189,1233.282
1190,1138.9954
1191,-370.34982
1192,3137.1375
1193,2346.072
1194,5251.8022
1195,2.3845313
1196,406.12018
1197,751.34125
1198,635.9452
1199,1790.3704
1200,2264.929
1201,2471.2969
1202,2295.1257
1203,1733.502
1204,364.58136
1205,1717.2148
1206,2288.0986
1207,2249.6262
1208,994.7226
1209,1580.4885
1210,3867.6187
1211,2650.5825
1212,510.07394
1213,2481.1697
1214,2359.2107
1215,1305.9343
1216,3606.7214
1217,1037.9725
1218,2332.5657
1219,1881.8256
1220,939.4278
1221,5679.175
1222,2434.034
1223,1680.1554
1224,389.45697
1225,2765.8398
1226,2212.6038
1227,1433.9143
1228,1038.4911
1229,138.62732
1230,838.75104
1231,1514.349
1232,3221.9417
1233,166.38466
1234,680.7663
1235,3240.1538
1236,2939.8157
1237,2538.7048
1238,-1038.8439
1239,3301.9128
1240,2280.783
1241,3274.2793
1242,4338.771
1243,3443.5293
1244,4414.5073
1245,2953.2495
1246,2061.2048
1247,872.1518
1248,4762.406
1249,2107.471
1250,216.4154
1251,3834.864
1252,1700.648
1253,1336.418
1254,2108.288
1255,3739.7166
1256,440.52927
1257,2475.3623
1258,3748.2532
1259,405.8134
1260,2675.4675
1261,2972.643
1262,2564.9402
1263,1250.8677
1264,474.7602
1265,1733.4445
1266,4069.0784
1267,2205.8186
1268,5014.5454
1269,510.70966
1270,156.6957
1271,1520.1552
1272,1639.566
1273,366.67996
1274,3443.2402
1275,5733.6904
1276,2794.8901
1277,3456.076
1278,1647.2708
1279,904.6519
1280,2425.469
1281,2320.4143
1282,3859.5457
1283,-4.2187023
1284,4929.8213
1285,549.9163
1286,3519.7732
1287,111.07501
1288,1063.3607
1289,1540.4087
1290,3474.8396
1291,1910.7805
1292,1866.3293
1293,2421.8157
1294,-433.58786
1295,982.4701
1296,2026.1539
1297,1179.4132
1298,441.87823
1299,2221.7192
1300,478.6061
1301,382.45758
1302,4646.237
1303,1761.2369
1304,1289.4146
1305,682.22217
1306,785.5918
1307,751.26056
1308,4048.9546
1309,2189.4116
1310,1032.2911
1311,3930.9915
1312,2739.1
1313,795.2376
1314,2798.1033
1315,3713.201
1316,1519.8541
1317,777.1033
1318,2991.4949
1319,2518.6262
1320,2828.3796
1321,1227.4512
1322,1667.8202
1323,5329.7607
1324,2672.2268
1325,2628.4517
1326,580.0188
1327,3129.0588
1328,3592.489
1329,214.2508
1330,3271.9243
1331,2737.8674
1332,66.4582
1333,4299.459
1334,1826.0176
1335,683.3564
1336,1890.8079
1337,2632.135
1338,2296.3494
1339,188.98903
1340,239.44475
1341,1489.18
1342,445.81686
1343,2043.0492
1344,2556.9177
1345,-19.908995
1346,1484.998
1347,2594.817
1348,751.67523
1349,2040.6022
1350,5100.1333
1351,3361.4944
1352,3992.2114
1353,1226.7341
1354,993.1782
1355,2666.8953
1356,905.62494
1357,2985.7314
1358,3406.5798
1359,3054.7886
1360,4771.422
1361,883.54224
1362,931.63696
1363,194.10722
1364,2249.5627
1365,2430.9526
1366,3426.4941
1367,4604.138
1368,483.2132
1369,-717.6448
1370,3183.857
1371,3609.0613
1372,2428.3347
1373,2641.7976
1374,3777.0212
1375,6151.7715
1376,1106.0565
1377,349.99283
1378,2308.9827
1379,2117.226
1380,1076.0977
1381,3031.135
1382,2100.2217
1383,5236.63
1384,4057.483
1385,437.8818
1386,1725.4762
1387,2431.5818
1388,4835.1055
1389,2251.249
1390,3125.9429
1391,694.6327
1392,2672.2036
1393,2548.258
1394,773.8363
1395,2320.7622
1396,3893.1462
1397,2289.7354
1398,1740.416
1399,558.38074
1400,300.05365
1401,463.80002
1402,2057.8535
1403,2058.243
1404,1737.1964
1405,2353.166
1406,2148.1907
1407,2263.843
1408,793.6517
1409,1742.149
1410,6635.98
1411,832.1388
1412,2126.5842
1413,2566.3943
1414,1845.6239
1415,4419.482
1416,2806.5757
1417,1518.8369
1418,672.90643
1419,3029.7595
1420,3042.7366
1421,1199.5665
1422,3373.1104
1423,1767.3362
1424,2121.2983
1425,1224.9922
1426,2593.5835
1427,857.4901
1428,2081.7163
1429,578.8154
1430,1871.8767
1431,2013.5386
1432,864.3893
1433,824.25336
1434,3014.8286
1435,188.19168
1436,4324.959
1437,3762.4424
1438,1006.3223
1439,816.03625
1440,1465.8231
1441,1961.5334
1442,1577.7054
1443,2700.9927
1444,4247.674
1445,134.80286
1446,2329.571
1447,4221.006
1448,1818.9575
1449,3006.9316
1450,1873.6609
1451,4368.738
1452,728.45935
1453,6867.8125
1454,2437.0127
1455,-44.367516
1456,2698.2915
1457,5023.725
1458,209.73505
1459,1611.8489
1460,4282.9653
1461,2981.5967
1462,4212.327
1463,2590.66
1464,549.13446
1465,3527.567
1466,4302.267
1467,445.22867
1468,2354.4407
1469,608.56323
1470,3165.348
1471,1751.648
1472,5121.13
1473,4706.1904
1474,7152.9053
1475,2149.2534
1476,1984.2759
1477,2541.1208
1478,4956.8276
1479,6645.9272
1480,4079.7493
1481,1681.8395
1482,2632.291
1483,3735.2087
1484,1227.4413
1485,1079.12
1486,3314.5308
1487,111.05413
1488,2290.0466
1489,2038.9315
1490,4268.8496
1491,3274.6382
1492,820.5346
1493,832.8154
1494,211.99088
1495,2958.5242
1496,1021.16693
1497,793.5584
1498,2485.7488
1499,2243.4785
1500,180.5177
1501,1840.546
1502,803.27045
1503,6314.522
1504,1762.2139
1505,228.88104
1506,3223.9473
1507,1972.551
1508,2924.8333
1509,3180.6602
1510,264.1712
1511,2043.1831
1512,2469.182
1513,656.685
1514,2220.5154
1515,2963.4758
1516,168.14418
1517,383.7424
1518,134.53647
1519,1799.0247
1520,1441.844
1521,448.4152
1522,2801.4812
1523,3294.6206
1524,2348.9062
1525,23.870008
1526,983.86615
1527,1567.8516
1528,756.8953
1529,2079.1462
1530,-60.842186
1531,787.62787
1532,3360.3557
1533,401.18124
1534,3348.4133
1535,1947.6646
1536,2559.127
1537,1708.2336
1538,2072.8933
1539,2226.8054
1540,2536.2998
1541,1432.1572
1542,661.5613
1543,1566.969
1544,344.23758
1545,652.6104
1546,3681.485
1547,221.50087
1548,5190.452
1549,2910.1667
1550,3625.2776
1551,1959.1796
1552,321.29828
1553,1702.7032
1554,2506.344
1555,2478.5955
1556,3159.7932
1557,1638.2959
1558,1267.0585
1559,3553.6147
1560,1804.9657
1561,1107.4968
1562,-180.13374
1563,1917.5758
1564,183.15788
1565,1526.324
1566,4544.296
1567,3060.9036
1568,1605.7928
1569,2410.7097
1570,846.381
1571,4690.146
1572,1772.2974
1573,3104.4995
1574,534.43414
1575,4263.4136
1576,1984.5303
1577,819.48804
1578,2170.2356
1579,690.33746
1580,2121.5503
1581,4609.292
1582,2851.0618
1583,2362.7634
1584,2410.5598
1585,3206.374
1586,3494.7732
1587,1877.3043
1588,654.9437
1589,2548.8645
1590,1746.1256
1591,100.66038
1592,3147.313
1593,-210.14375
1594,2317.632
1595,863.4854
1596,4293.814
1597,3726.6191
1598,2960.2405
1599,2659.4285
1600,2549.3406
1601,1109.8773
1602,1455.9923
1603,2611.7144
1604,3324.8167
1605,935.5711
1606,5210.8364
1607,2638.6355
1608,1848.5942
1609,1190.7881
1610,3004.6008
1611,145.13748
1612,2130.6572
1613,3404.7898
1614,548.2119
1615,4362.577
1616,72.35079
1617,1970.4661
1618,3027.057
1619,992.8821
1620,2332.3232
1621,2422.083
1622,3428.176
1623,1722.3124
1624,2259.9326
1625,1471.4531
1626,3275.0881
1627,2102.1697
1628,2853.124
1629,-11.75609
1630,2299.9424
1631,2279.6558
1632,1358.1886
1633,648.92145
1634,2578.8044
1635,1555.4758
1636,4031.235
1637,872.39923
1638,4210.321
1639,2935.4727
1640,3528.0818
1641,3999.3818
1642,732.36835
1643,2757.6838
1644,101.81024
1645,1420.7628
1646,1640.1805
1647,2293.5125
1648,722.67194
1649,1989.7224
1650,2077.0251
1651,52.60141
1652,907.59015
1653,3902.5054
1654,4193.02
1655,1032.6119
1656,2519.4834
1657,439.28555
1658,1953.6211
1659,1002.9764
1660,3037.4294
1661,1404.3225
1662,3772.173
1663,2067.8323
1664,782.31335
1665,2786.6548
1666,4257.786
1667,1407.6986
1668,3911.0308
1669,509.5054
1670,3883.4521
1671,3706.6997
1672,1292.7618
1673,2083.5845
1674,879.9094
1675,3897.8909
1676,242.2994
1677,2569.9597
1678,1489.0172
1679,4110.3945
1680,2149.542
1681,2311.6133
1682,2275.2588
1683,1540.535
1684,71.730576
1685,3674.4077
1686,3320.1316
1687,2963.9841
1688,1293.983
1689,616.7754
1690,1611.7391
1691,558.37286
1692,1619.6718
1693,2236.4385
1694,1862.4723
1695,679.1837
1696,2507.2195
1697,2500.9604
1698,1891.2633
1699,504.3589
1700,5234.3296
1701,640.2242
1702,1103.0968
1703,2140.7446
1704,2064.732
1705,1558.1731
1706,4714.1777
1707,3284.0774
1708,3639.9902
1709,2623.7227
1710,165.3228
1711,2234.1775
1712,2820.5332
1713,2113.2573
1714,4536.445
1715,2640.72
1716,3896.4736
1717,2628.9536
1718,423.03052
1719,1082.2671
1720,3153.8958
1721,2699.8455
1722,2373.8313
1723,1966.2267
1724,2632.805
1725,374.33682
1726,5691.2583
1727,4084.0063
1728,1928.1277
1729,2160.8535
1730,3083.1719
1731,3492.7334
1732,2174.1965
1733,598.56903
1734,1261.6376
1735,2286.3074
1736,1902.7518
1737,1860.8392
1738,638.7916
1739,1968.1448
1740,1008.6959
1741,-85.85924
1742,1832.808
1743,1.374296
1744,164.16429
1745,3450.2324
1746,651.54596
1747,2018.0851
1748,2997.8425
1749,2828.3984
1750,3648.4329
1751,1151.8473
1752,3227.0845
1753,3063.1545
1754,2822.961
1755,494.385
1756,2903.8286
1757,2979.465
1758,786.54926
1759,2410.439
1760,3609.059
1761,3906.2563
1762,2372.0288
1763,3155.4575
1764,1199.3782
1765,2448.085
1766,3956.7507
1767,1847.1764
1768,2771.2456
1769,4617.9756
1770,3540.8076
1771,3070.7983
1772,2831.0386
1773,3174.6638
1774,2891.4622
1775,3009.7922
1776,1784.2773
1777,2502.5085
1778,1505.3412
1779,5277.22
1780,791.8211
1781,327.70395
1782,1462.8245
1783,-152.57301
1784,2510.6477
1785,164.4188
1786,1759.9678
1787,1208.4434
1788,2520.7937
1789,2107.2437
1790,234.37988
1791,2539.168
1792,3331.0117
1793,2143.9692
1794,700.56213
1795,2639.095
1796,2671.0476
1797,1637.5674
1798,1764.5796
1799,1024.2189
1800,1260.1051
1801,6146.389
1802,1445.2876
1803,1889.8625
1804,2867.9436
1805,157.65057
1806,2117.4248
1807,726.5085
1808,948.6131
1809,3424.865
1810,2550.1172
1811,2731.0815
1812,147.51984
1813,3858.5837
1814,1593.8815
1815,260.54364
1816,1020.28107
1817,3155.2412
1818,2470.477
1819,311.3402
1820,2606.3892
1821,1989.9452
1822,2745.7976
1823,208.39235
1824,759.0979
1825,2232.64
1826,1366.9946
1827,2840.5369
1828,3207.1445
1829,582.3744
1830,465.699
1831,2232.5828
1832,952.27954
1833,680.48755
1834,3735.2407
1835,1704.5542
1836,-155.50508
1837,6541.3584
1838,1602.5729
1839,2133.2742
1840,3928.0225
1841,3003.332
1842,2404.7112
1843,2976.573
1844,658.88556
1845,1609.4275
1846,1485.9261
1847,1594.2115
1848,1501.1942
1849,3119.3481
1850,3948.9683
1851,2097.0645
1852,484.2695
1853,4810.881
1854,1665.531
1855,1356.9768
1856,2945.1475
1857,108.5453
1858,3814.501
1859,2724.6953
1860,1377.7081
1861,4852.875
1862,2591.5867
1863,2030.7593
1864,4256.2075
1865,2146.9907
1866,1491.0912
1867,1824.7888
1868,729.2119
1869,1013.89484
1870,1554.0267
1871,2323.2075
1872,428.9086
1873,624.6716
1874,2507.9902
1875,1292.4008
1876,4684.9697
1877,3024.5354
1878,1740.0769
1879,1715.3307
1880,1001.5816
1881,1905.4878
1882,1374.2239
1883,3045.2778
1884,1318.3275
1885,159.71616
1886,2521.3057
1887,912.754
1888,3707.5364
1889,659.0634
1890,1091.9231
1891,3025.7534
1892,1573.1418
1893,1385.565
1894,97.04997
1895,6458.456
1896,1506.9335
1897,2376.3682
1898,2016.1609
1899,3136.4604
1900,3168.9192
1901,556.7416
1902,10.132716
1903,2718.446
1904,2044.6471
1905,2884.0708
1906,6058.9795
1907,5083.8623
1908,2750.9587
1909,1931.5762
1910,2606.1907
1911,250.90028
1912,3517.8794
1913,2019.1289
1914,2708.0376
1915,-169.89221
1916,603.7679
1917,2239.297
1918,1906.8494
1919,-186.46101
1920,2099.7625
1921,2378.0693
1922,2409.095
1923,3219.8972
1924,2977.7048
1925,1670.9429
1926,1833.1146
1927,3921.951
1928,1134.6577
1929,2322.066
1930,4006.2073
1931,282.32944
1932,4028.7244
1933,1060.7928
1934,3793.278
1935,2447.683
1936,2025.4203
1937,3071.2031
1938,1472.7798
1939,578.0886
1940,1676.4055
1941,1524.5684
1942,1223.7407
1943,1114.6384
1944,1023.0204
1945,439.96432
1946,5368.7207
1947,3285.05
1948,-176.40704
1949,464.4082
1950,859.31976
1951,2008.3379
1952,4062.394
1953,597.1409
1954,1700.6615
1955,344.47092
1956,2108.831
1957,2406.2305
1958,673.273
1959,83.746185
1960,3659.4827
1961,2098.7793
1962,1945.9347
1963,2100.9634
1964,2538.1094
1965,1017.1149
1966,406.08917
1967,2664.4976
1968,1967.3605
1969,371.86557
1970,79.84722
1971,2303.5498
1972,61.376286
1973,107.13988
1974,354.60907
1975,842.00116
1976,1132.8884
1977,3380.3633
1978,2498.9353
1979,2100.5747
1980,1243.1431
1981,4099.5894
1982,377.28738
1983,2212.8872
1984,1023.4074
1985,1662.8121
1986,2628.8079
1987,1174.8727
1988,3839.3472
1989,535.4868
1990,2639.188
1991,2235.3206
1992,2958.114
1993,1190.2937
1994,4667.0493
1995,2915.1746
1996,3420.7974
1997,836.59863
1998,2447.5283
1999,1916.2762
2000,1715.4785
2001,1074.577
2002,584.46277
2003,3126.3513
2004,3753.712
2005,3282.239
2006,2300.259
2007,3724.323
2008,2094.229
2009,2782.5925
2010,137.13547
2011,3074.4631
2012,151.26291
2013,802.8255
2014,2104.909
2015,4558.83
2016,603.39087
2017,1636.5397
2018,3282.8735
2019,154.84042
2020,2284.6174
2021,1871.3345
2022,3200.4707
2023,2143.5027
2024,714.33356
2025,2212.9026
2026,2717.2087
2027,799.9544
2028,4810.944
2029,3344.9595
2030,1507.2537
2031,1588.6788
2032,3801.8826
2033,1567.6866
2034,1905.897
2035,1713.0477
2036,3237.2117
2037,772.81384
2038,638.7099
2039,3628.7869
2040,2472.5532
2041,2668.4395
2042,1837.1251
2043,3804.0916
2044,2256.5688
2045,566.4942
2046,2685.469
2047,3419.3596
2048,2495.8586
2049,2266.3696
2050,2396.0688
2051,1173.0552
2052,608.6628
2053,2572.6304
2054,3032.7546
2055,655.8225
2056,871.53687
2057,500.6607
2058,3484.9626
2059,1149.3517
2060,2019.4266
2061,2782.7683
2062,6701.4385
2063,964.3513
2064,1595.9774
2065,855.3413
2066,548.409
2067,866.8484
2068,1497.1392
2069,2985.7273
2070,2055.883
2071,3310.2063
2072,285.4745
2073,2429.908
2074,1946.0248
2075,486.07538
2076,923.65967
2077,4114.947
2078,2894.3274
2079,1332.6873
2080,1889.5259
2081,3594.2397
2082,320.04968
2083,486.75864
2084,1429.2488
2085,1670.2817
2086,2513.4048
2087,585.1576
2088,2607.0178
2089,1233.9835
2090,2931.8796
2091,3546.2163
2092,1752.1686
2093,3706.4688
2094,601.235
2095,1245.1456
2096,1790.3722
2097,1835.6111
2098,2898.471
2099,3195.26
2100,1506.5284
2101,2394.462
2102,1568.3497
2103,2579.6958
2104,3556.3547
2105,2661.3076
2106,622.75446
2107,2933.909
2108,3350.5403
2109,2943.0574
2110,1415.3224
2111,1901.9878
2112,508.90643
2113,4398.0645
2114,650.55865
2115,286.39902
2116,1952.0405
2117,909.9843
2118,605.86194
2119,2514.4111
2120,3346.591
2121,2650.1628
2122,5229.463
2123,5563.7485
2124,2746.9114
2125,499.57693
2126,3075.6145
2127,2381.4854
2128,5087.0654
2129,2202.7075
2130,1367.1555
2131,202.87955
2132,1411.1931
2133,2330.7715
2134,1017.61945
2135,64.09107
2136,2269.68
2137,3533.868
2138,727.79047
2139,750.1562
2140,3168.2925
2141,3179.9846
2142,2788.4487
2143,2780.1711
2144,2367.53
2145,2808.8237
2146,386.56976
2147,3830.5793
2148,2944.3118
2149,3488.089
2150,2110.718
2151,1894.3848
2152,1603.4396
2153,3070.305
2154,2486.5593
2155,1296.9828
2156,4410.8228
2157,3782.058
2158,2027.5321
2159,747.50183
2160,2539.9893
2161,1141.0736
2162,285.97076
2163,283.32257
2164,1027.5968
2165,1814.0209
2166,1009.6943
2167,-43.732918
2168,923.6639
2169,5588.6445
2170,2635.9512
2171,1789.2698
2172,2217.3696
2173,3023.8188
2174,1437.3773
2175,1253.8163
2176,2469.0776
2177,3227.3987
2178,679.657
2179,-244.37276
2180,2114.4807
2181,4933.552
2182,4373.2935
2183,3883.8403
2184,2084.3838
2185,7618.444
2186,248.06383
2187,5668.1255
2188,3179.324
2189,2003.1996
2190,672.83057
2191,2998.3135
2192,3833.4106
2193,583.2915
2194,990.53204
2195,2268.016
2196,1182.8817
2197,3640.377
2198,2353.6807
2199,2253.632
2200,4156.074
2201,4427.296
2202,2042.0848
2203,91.46258
2204,4182.9087
2205,1185.6863
2206,1494.5754
2207,1818.337
2208,5855.6675
2209,2099.5857
2210,1381.6321
2211,623.4427
2212,-81.214905
2213,745.02637
2214,4535.2686
2215,1915.8431
2216,1465.2839
2217,4768.4526
2218,2293.5232
2219,3277.9026
2220,549.1879
2221,5156.84
2222,226.94493
2223,3413.4897
2224,1563.141
2225,2486.5781
2226,1994.7893
2227,1673.8223
2228,989.42773
2229,1004.9824
2230,-52.471394
2231,5474.5674
2232,4036.994
2233,756.2188
2234,3478.5637
2235,542.002
2236,3701.941
2237,159.57468
2238,3634.1345
2239,4974.313
2240,34.27949
2241,3269.4753
2242,1348.0308
2243,854.8052
2244,2439.1472
2245,1188.5074
2246,3033.9348
2247,2695.7095
2248,5651.617
2249,2645.103
2250,90.02944
2251,2192.979
2252,2612.025
2253,2874.9421
2254,111.128395
2255,2860.062
2256,-70.79027
2257,2842.8945
2258,1605.782
2259,3425.3628
2260,1127.0596
2261,1344.8817
2262,5155.8525
2263,2480.6292
2264,2468.265
2265,3661.3005
2266,1534.1416
2267,5269.708
2268,904.02716
2269,2273.5657
2270,1486.8116
2271,3219.5728
2272,4351.1704
2273,4726.071
2274,1061.472
2275,1631.9805
2276,340.91693
2277,1231.97
2278,3993.2039
2279,1606.3772
2280,4013.88
2281,1484.7433
2282,1356.5818
2283,1105.5298
2284,1984.9652
2285,968.40137
2286,4697.123
2287,3880.693
2288,2250.7156
2289,3296.1418
2290,362.93503
2291,3472.834
2292,2307.3474
2293,1165.7336
2294,1044.1339
2295,168.60175
2296,2767.5632
2297,2707.154
2298,813.39355
2299,2684.3997
2300,2852.2148
2301,612.08246
2302,521.0425
2303,2601.45
2304,2124.2085
2305,4874.621
2306,653.1893
2307,1845.5933
2308,1394.1354
2309,488.8343
2310,787.6347
2311,1557.5975
2312,3021.6313
2313,4695.2485
2314,2358.5657
2315,1886.2635
2316,3409.0232
2317,3011.5762
2318,3221.837
2319,2997.6035
2320,3286.5654
2321,729.7869
2322,2638.441
2323,2812.8557
2324,1839.1072
2325,6459.866
2326,2399.5903
2327,1646.3224
2328,1455.1067
2329,3702.9875
2330,1708.7675
2331,997.5267
2332,2151.9014
2333,2414.9482
2334,2041.0219
2335,2269.1865
2336,299.2164
2337,3240.9277
2338,4024.0122
2339,802.9985
2340,663.1282
2341,1468.4482
2342,1022.7986
2343,4018.873
2344,2034.9288
2345,300.4327
2346,3158.2266
2347,3194.6116
2348,1547.3826
2349,898.38464
2350,2194.7454
2351,-46.54383
2352,1077.6453
2353,3756.115
2354,3186.4397
2355,3062.274
2356,83.69544
2357,1209.8005
2358,2119.841
2359,3947.0933
2360,4008.4011
2361,3824.4583
2362,634.37463
2363,3008.4282
2364,318.4867
2365,-260.00137
2366,4112.377
2367,3725.0977
2368,1049.0256
2369,2127.3574
2370,2496.5908
2371,931.67957
2372,3034.7402
2373,1593.8833
2374,1936.8677
2375,1225.3228
2376,718.0022
2377,1788.2356
2378,1647.7974
2379,1652.5294
2380,257.62573
2381,1094.6849
2382,2007.8308
2383,3726.116
2384,2486.9285
2385,2939.1128
2386,228.52507
2387,2803.8696
2388,1067.6244
2389,974.452
2390,595.20483
2391,486.18277
2392,3415.5217
2393,298.1062
2394,870.50146
2395,871.60974
2396,811.90826
2397,1802.0599
2398,1537.3418
2399,1723.5781
2400,4050.6086
2401,2566.347
2402,1887.6569
2403,1749.8843
2404,864.7993
2405,3028.5852
2406,4472.603
2407,5174.388
2408,100.318115
2409,753.1633
2410,1433.5232
2411,545.6882
2412,457.27887
2413,2135.5444
2414,2605.2456
2415,3644.674
2416,2365.0623
2417,2843.6143
2418,1760.2802
2419,1788.1273
2420,302.93045
2421,2252.7207
2422,2800.0974
2423,5077.815
2424,2841.7454
2425,2945.196
2426,3418.3777
2427,3072.0557
2428,2173.9248
2429,3465.754
2430,939.7861
2431,855.3356
2432,3837.4238
2433,84.38714
2434,2226.2795
2435,4789.908
2436,2570.646
2437,3007.6719
2438,2096.4402
2439,2312.679
2440,4067.1465
2441,522.3782
2442,3677.7847
2443,3483.7434
2444,2486.4294
2445,2854.2856
2446,1939.0424
2447,4465.7217
2448,2535.669
2449,2854.8557
2450,3485.839
2451,3500.7024
2452,578.76404
2453,1554.2338
2454,1738.6311
2455,-53.639755
2456,1896.7201
2457,4562.2803
2458,1032.2479
2459,3545.5322
2460,1095.0984
2461,1724.815
2462,3010.0078
2463,4918.1396
2464,3241.071
2465,1564.6967
2466,1029.1626
2467,2505.0088
2468,1689.0546
2469,1011.511
2470,770.5269
2471,3033.252
2472,-39.31675
2473,2197.0127
2474,2622.0952
2475,755.3552
2476,518.46454
2477,317.66083
2478,4771.074
2479,147.97353
2480,3018.9417
2481,1451.1735
2482,1777.3116
2483,1951.9742
2484,2546.889
2485,801.38025
2486,2157.437
2487,2239.3591
2488,122.96177
2489,3631.9207
2490,605.37866
2491,3086.9573
2492,1548.6998
2493,4663.3037
2494,2298.0356
2495,2653.0498
2496,2184.7253
2497,4116.3457
2498,1425.9536
2499,571.1906
2500,1017.0098
2501,1193.8881
2502,1358.2925
2503,661.2235
2504,251.16338
2505,-235.12259
2506,3195.4897
2507,1455.5969
2508,2032.476
2509,2143.9783
2510,3074.5215
2511,1569.1473
2512,2839.763
2513,3459.7244
2514,1523.4347
2515,265.28607
2516,565.8085
2517,1525.8462
2518,2177.1313
2519,1790.7974
2520,5362.272
2521,2491.4004
2522,35.25186
2523,1419.6613
2524,3529.0488
2525,1947.4766
2526,2746.3806
2527,470.1271
2528,1332.3014
2529,1730.4661
2530,2772.692
2531,2910.856
2532,1246.674
2533,4357.7383
2534,1731.9618
2535,2266.3918
2536,1225.7141
2537,1165.5605
2538,4121.9824
2539,5236.884
2540,1236.8544
2541,710.2756
2542,3290.5674
2543,3975.019
2544,2161.1316
2545,1359.5889
2546,2980.0913
2547,4674.326
2548,2259.0945
2549,3200.2222
2550,2805.03
2551,2811.223
2552,3156.4932
2553,3467.0244
2554,526.06415
2555,4876.294
2556,3573.8054
2557,1679.2932
2558,1576.7428
2559,3302.376
2560,2166.2122
2561,-169.47945
2562,3177.1465
2563,1628.2979
2564,3156.1045
2565,1661.4772
2566,286.87094
2567,4268.0664
2568,548.8429
2569,1385.3597
2570,2078.5945
2571,1867.5051
2572,1724.9943
2573,1698.6473
2574,2462.3386
2575,857.3078
2576,3081.5095
2577,3298.9973
2578,4591.7075
2579,2334.7957
2580,1888.9155
2581,2288.2837
2582,641.08716
2583,1547.6172
2584,939.34064
2585,2173.835
2586,6230.492
2587,3536.5576
2588,4312.3774
2589,5213.5503
2590,2298.9578
2591,1277.2
2592,1239.8083
2593,1313.5803
2594,2874.249
2595,1295.4768
2596,2408.1282
2597,481.66116
2598,1947.8958
2599,1591.0505
2600,274.34503
2601,1805.1171
2602,1999.719
2603,2522.245
2604,1861.7115
2605,82.443375
2606,1617.4135
2607,2400.8638
2608,1699.2313
2609,-267.29178
2610,801.8615
2611,1672.863
2612,3216.8367
2613,1665.967
2614,1960.1166
2615,2206.84
2616,1340.5253
2617,4329.5435
2618,2652.1392
2619,1988.0265
2620,2264.7231
2621,200.20784
2622,386.47687
2623,3844.8455
2624,3461.5525
2625,-55.38885
2626,205.62604
2627,2133.1711
2628,153.65643
2629,1198.5219
2630,2094.28
2631,4837.0977
2632,1209.7291
2633,1767.8734
2634,7569.659
2635,1740.6372
2636,3521.679
2637,1412.1637
2638,443.79382
2639,2343.4307
2640,2134.7756
2641,351.59857
2642,1579.2622
2643,2338.4526
2644,3015.2178
2645,1363.4352
2646,2705.4375
2647,1319.6462
2648,520.1756
2649,5767.6616
2650,693.97986
2651,3653.713
2652,37.421715
2653,2496.6685
2654,4806.427
2655,2266.1196
2656,1779.2899
2657,2668.6323
2658,2484.414
2659,1745.3655
2660,1326.9597
2661,2947.6455
2662,1443.762
2663,710.6478
2664,1051.7054
2665,2225.0378
2666,4253.953
2667,2053.161
2668,2001.2499
2669,3047.0928
2670,2841.2573
2671,1900.7397
2672,484.55856
2673,1748.7036
2674,1948.6908
2675,1508.6493
2676,1309.2036
2677,170.13121
2678,2227.499
2679,2157.329
2680,444.72177
2681,1534.3278
2682,3542.867
2683,2474.1023
2684,2602.8557
2685,1808.5795
2686,1999.9038
2687,847.9491
2688,1885.1238
2689,1362.8606
2690,2638.7476
2691,843.378
2692,1619.7863
2693,4890.4126
2694,34.792233
2695,3058.0527
2696,2247.6626
2697,1888.2214
2698,4977.516
2699,2519.7937
2700,2248.4534
2701,3255.3384
2702,3513.2122
2703,2496.8684
2704,2722.0505
2705,637.649
2706,2181.0637
2707,3043.4363
2708,1495.3812
2709,2532.6653
2710,2583.193
2711,4681.901
2712,240.14227
2713,2546.3594
2714,2991.104
2715,2607.367
2716,2078.8662
2717,676.50714
2718,1651.3359
2719,1819.4596
2720,809.17096
2721,199.74092
2722,4124.363
2723,1681.1339
2724,2679.254
2725,2914.523
2726,1243.9468
2727,-93.89373
2728,2550.93
2729,756.2663
2730,3739.1965
2731,1679.3601
2732,1839.9781
2733,2271.5947
2734,3308.7612
2735,1071.0825
2736,3126.661
2737,2544.2383
2738,946.4026
2739,1597.815
2740,639.54297
2741,4645.7383
2742,2213.4695
2743,2476.9204
2744,2169.0305
2745,1476.7854
2746,3852.6946
2747,4014.021
2748,541.8033
2749,2023.9532
2750,2083.1245
2751,-395.326
2752,2822.4976
2753,2604.4028
2754,763.2185
2755,2694.2273
2756,1487.0664
2757,2117.1816
2758,2569.0427
2759,3362.8276
2760,275.41345
2761,4184.6665
2762,3058.5125
2763,3986.8
2764,300.9196
2765,942.52924
2766,1983.777
2767,2032.5259
2768,1118.0881
2769,889.8975
2770,3799.6655
2771,148.0447
2772,3511.2588
2773,1870.9288
2774,2561.849
2775,2689.5183
2776,1005.0406
2777,2833.3037
2778,410.76978
2779,334.323
2780,3075.8208
2781,5359.233
2782,1356.4792
2783,3512.0774
2784,2839.0051
2785,3969.3782
2786,3094.4636
2787,5056.797
2788,382.28763
2789,1549.7666
2790,1721.8315
2791,3067.6904
2792,1061.1267
2793,5695.864
2794,3033.983
2795,10.72447
2796,1143.262
2797,1205.7955
2798,-69.337
2799,177.5011
2800,1741.2789
2801,3450.291
2802,2662.4958
2803,2557.2517
2804,2855.0703
2805,2914.4778
2806,3235.9102
2807,-45.15629
2808,1692.0415
2809,4163.768
2810,2264.6064
2811,1991.7657
2812,3408.2026
2813,616.85803
2814,3075.711
2815,986.04517
2816,2336.0347
2817,3760.1082
2818,497.50208
2819,-170.60275
2820,1421.9403
2821,3244.7249
2822,3675.4033
2823,5.60124
2824,3638.086
2825,3936.7537
2826,3692.8025
2827,294.09433
2828,3234.029
2829,323.94485
2830,59.677986
2831,2895.9329
2832,2784.081
2833,1397.851
2834,2593.9849
2835,3719.4265
2836,222.51457
2837,403.71463
2838,5349.281
2839,1246.3242
2840,3046.061
2841,696.4351
2842,3091.6223
2843,22.13078
2844,2526.7258
2845,1216.8728
2846,566.2517
2847,2051.3835
2848,321.7453
2849,1002.5269
2850,1818.504
2851,-6.032691
2852,3306.0286
2853,5639.4546
2854,3523.029
2855,803.6568
2856,1407.0105
2857,3193.157
2858,633.09125
2859,2773.9587
2860,2564.9067
2861,2778.482
2862,149.9913
2863,819.30066
2864,1907.3284
2865,433.02985
2866,1063.1827
2867,1544.862
2868,4673.116
2869,4504.1475
2870,1221.3656
2871,383.5522
2872,851.4152
2873,3277.9229
2874,659.16785
2875,2883.0535
2876,2759.827
2877,2865.6587
2878,2731.0535
2879,1894.4844
2880,954.37
2881,2050.3955
2882,3751.041
2883,4228.6523
2884,3220.4268
2885,686.39386
2886,4457.8066
2887,1881.6476
2888,3085.2068
2889,1965.3501
2890,3892.015
2891,713.66364
2892,4789.035
2893,661.9712
2894,674.78937
2895,1864.6473
2896,695.9607
2897,157.47264
2898,715.3166
2899,2331.5266
2900,2218.4368
2901,687.8132
2902,3335.5718
2903,3518.3276
2904,3861.2231
2905,210.56325
2906,1282.4667
2907,3140.234
2908,3006.589
2909,1302.3253
2910,-187.88019
2911,5116.415
2912,2624.7524
2913,832.79565
2914,4969.1865
2915,2798.4595
2916,-5.615609
2917,514.6213
2918,737.9335
2919,3287.202
2920,3238.1084
2921,286.4599
2922,2702.6177
2923,338.81012
2924,3102.4653
2925,3030.2346
2926,713.7731
2927,3396.844
2928,-405.59818
2929,394.27936
2930,5317.0825
2931,1916.5425
2932,664.6142
2933,1949.0942
2934,3615.2668
2935,2317.3418
2936,5220.0083
2937,3027.8586
2938,1927.2635
2939,1487.8016
2940,2056.8684
2941,1274.1702
2942,2944.2944
2943,2135.0505
2944,3328.529
2945,1505.9802
2946,1846.9199
2947,2772.183
2948,1395.3555
2949,922.66675
2950,3284.405
2951,3321.3784
2952,3435.3645
2953,1813.0068
2954,3075.1736
2955,3123.2493
2956,1166.1028
2957,675.3767
2958,2611.2583
2959,729.17633
2960,3736.674
2961,1244.2627
2962,1587.1758
2963,1378.551
2964,833.33624
2965,1611.2803
2966,2903.6443
2967,3309.367
2968,352.6637
2969,1183.0671
2970,3150.0278
2971,4615.3145
2972,4483.2227
2973,4929.7095
2974,198.56442
2975,1650.1646
2976,825.6695
2977,2758.389
2978,4336.599
2979,207.85103
2980,2479.5095
2981,2954.2148
2982,441.24796
2983,301.24097
2984,857.0085
2985,1650.5497
2986,3433.6665
2987,3245.929
2988,3526.7563
2989,343.71988
2990,5063.5654
2991,877.35925
2992,638.8772
2993,2091.6772
2994,631.09076
2995,2402.612
2996,2297.3242
2997,2423.3108
2998,1882.0908
2999,3468.815
3000,1190.0294
3001,3529.033
3002,2140.9683
3003,3820.751
3004,3385.1384
3005,2681.9526
3006,1772.1671
3007,2414.9893
3008,4292.292
3009,5078.891
3010,5280.881
3011,1641.5256
3012,1788.5955
3013,5562.0405
3014,3078.1863
3015,765.7929
3016,3749.3223
3017,-7.953
3018,2980.568
3019,2594.99
3020,3793.1355
3021,2426.9705
3022,1934.7731
3023,-15.89905
3024,3039.1323
3025,1875.17
3026,4579.6333
3027,137.39897
3028,12.1621
3029,1668.2139
3030,2087.4458
3031,-97.15192
3032,1602.5159
3033,2500.9968
3034,463.71597
3035,1883.4702
3036,1597.5587
3037,3455.056
3038,982.18994
3039,1721.2076
3040,2406.113
3041,854.60156
3042,2077.4224
3043,2507.9731
3044,2824.735
3045,2443.25
3046,2551.5234
3047,299.38077
3048,3514.8865
3049,1173.6836
3050,1893.6884
3051,867.0623
3052,2781.6707
3053,1604.6862
3054,1841.673
3055,1118.1367
3056,3565.7937
3057,6786.4683
3058,1084.3295
3059,2622.8235
3060,-203.87631
3061,3006.6428
3062,529.30524
3063,1913.0194
3064,242.74348
3065,2437.6487
3066,594.2625
3067,606.25256
3068,1227.8595
3069,752.81976
3070,1206.4282
3071,1210.1995
3072,-75.1799
3073,647.7866
3074,789.8287
3075,3819.8784
3076,5300.6636
3077,4595.9336
3078,979.2191
3079,1276.8353
3080,2457.8762
3081,2005.2415
3082,4747.67
3083,872.3942
3084,1647.2208
3085,-95.19296
3086,2127.717
3087,96.53808
3088,5190.998
3089,1135.9973
3090,1936.8021
3091,526.61597
3092,3033.685
3093,3030.3142
3094,1891.7971
3095,2105.2712
3096,230.4978
3097,3198.8328
3098,3216.297
3099,2846.0796
3100,3288.1335
3101,2009.6604
3102,2219.2112
3103,4109.5933
3104,1608.304
3105,3253.7773
3106,2244.5269
3107,923.75037
3108,3921.1838
3109,799.47455
3110,-33.076653
3111,19.845465
3112,880.19604
3113,2337.9172
3114,8098.867
3115,973.90186
3116,3184.074
3117,515.4247
3118,2796.4978
3119,779.41425
3120,3079.8425
3121,4891.9316
3122,821.9275
3123,3359.5815
3124,1292.4329
3125,-35.120262
3126,1987.7035
3127,3894.1755
3128,3301.7937
3129,2408.2183
3130,2216.6516
3131,4847.7603
3132,3712.9563
3133,2420.6658
3134,1789.0975
3135,2993.661
3136,2586.6958
3137,1507.8082
3138,4232.544
3139,1220.9178
3140,3416.777
3141,6777.7646
3142,2512.5696
3143,749.954
3144,4058.6265
3145,881.5268
3146,2977.4756
3147,1590.1204
3148,5086.3325
3149,202.46799
3150,2655.2002
3151,809.49146
3152,-78.68238
3153,3317.6511
3154,1545.9816
3155,385.46057
3156,4455.7993
3157,3802.0693
3158,2046.8751
3159,-1068.8613
3160,7032.4854
3161,2063.3657
3162,4136.5693
3163,-102.978035
3164,3201.0886
3165,889.24243
3166,3404.0134
3167,345.28366
3168,4631.209
3169,3678.9626
3170,3897.5803
3171,1214.8489
3172,3361.3923
3173,1241.804
3174,1002.78986
3175,2307.3066
3176,2279.6138
3177,1680.9607
3178,4274.3667
3179,4081.413
3180,2212.4912
3181,1413.0944
3182,770.3177
3183,621.39514
3184,5709.7466
3185,2998.665
3186,659.8983
3187,3140.8486
3188,3892.4956
3189,1662.7734
3190,2524.3137
3191,1801.6125
3192,1745.871
3193,2011.4872
3194,3809.8547
3195,1092.479
3196,1427.7323
3197,2154.4136
3198,2168.385
3199,1905.0511
3200,1158.9097
3201,2411.665
3202,2141.0774
3203,3042.0044
3204,1249.1853
3205,511.95282
3206,420.01505
3207,-147.5593
3208,345.69476
3209,353.15976
3210,2023.3668
3211,3457.9363
3212,1104.0012
3213,1403.219
3214,2089.8318
3215,2777.7522
3216,2131.1914
3217,2247.9055
3218,1701.74
3219,3051.376
3220,1755.408
3221,773.6346
3222,611.6462
3223,568.55225
3224,3752.0918
3225,1155.9537
3226,1588.2128
3227,1585.5405
3228,2498.2705
3229,3254.3503
3230,1001.7434
3231,-501.92017
3232,2987.1355
3233,4440.4917
3234,3237.2844
3235,7091.199
3236,591.4888
3237,2445.3723
3238,2392.7866
3239,90.408745
3240,2247.6328
3241,93.41901
3242,988.24976
3243,4462.365
3244,2650.286
3245,396.10703
3246,2353.8887
3247,3940.7617
3248,1575.745
3249,2056.8706
3250,2156.1213
3251,2068.836
3252,2240.5962
3253,782.03754
3254,2469.4712
3255,1896.4592
3256,1967.2351
3257,-101.8401
3258,3074.3477
3259,2880.1638
3260,1483.1729
3261,2203.2683
3262,1185.1782
3263,1020.87885
3264,390.2761
3265,653.6898
3266,719.10156
3267,348.9353
3268,2490.6018
3269,792.7271
3270,2535.7705
3271,757.5514
3272,891.97656
3273,2629.329
3274,4378.1064
3275,3186.4292
3276,2585.958
3277,2559.9968
3278,3058.594
3279,2336.9465
3280,102.17205
3281,1236.808
3282,-85.75034
3283,4664.036
3284,3028.9065
3285,2069.5366
3286,1855.054
3287,2838.957
3288,4244.814
3289,2860.1328
3290,2021.5532
3291,2797.098
3292,-177.1268
3293,4150.2817
3294,-127.232574
3295,2514.4917
3296,4558.2026
3297,2494.7227
3298,722.8368
3299,2007.7905
3300,698.4221
3301,1447.4962
3302,2831.4148
3303,2167.1697
3304,4049.296
3305,3663.376
3306,2357.558
3307,1904.7251
3308,1686.1158
3309,2398.469
3310,1830.1968
3311,4127.529
3312,5195.2866
3313,-161.76286
3314,4556.703
3315,727.5947
3316,613.90564
3317,2247.689
3318,1446.6199
3319,439.07556
3320,2743.4856
3321,3680.845
3322,1935.3662
3323,4123.1025
3324,1875.0874
3325,274.8723
3326,3321.822
3327,2027.029
3328,3696.9636
3329,4895.5464
3330,3396.717
3331,2318.9795
3332,5009.9624
3333,4659.4614
3334,1439.0134
3335,2319.8083
3336,1173.2257
3337,1006.96625
3338,1891.3138
3339,317.75485
3340,81.91095
3341,2426.0571
3342,1189.277
3343,2783.9521
3344,1838.6035
3345,1877.7902
3346,-13.86968
3347,3822.5776
3348,3079.7102
3349,597.6963
3350,1403.319
3351,312.4649
3352,4866.1733
3353,5202.307
3354,600.21326
3355,3244.1096
3356,1053.6843
3357,2330.0251
3358,3554.8284
3359,953.0211
3360,592.6152
3361,2781.1357
3362,1378.8684
3363,1698.8715
3364,144.07349
3365,-49.37917
3366,5090.4326
3367,3483.5034
3368,1535.4445
3369,304.88876
3370,1521.5331
3371,571.045
3372,762.12585
3373,1151.6205
3374,4973.845
3375,2932.308
3376,2050.5813
3377,3196.5376
3378,-58.222794
3379,1448.0939
3380,5840.4165
3381,2481.8188
3382,748.61743
3383,74.42487
3384,3207.8467
3385,1669.2122
3386,2829.946
3387,4007.6208
3388,2729.8105
3389,2184.5693
3390,-0.60424095
3391,1089.3383
3392,2157.7498
3393,1291.3285
3394,2502.7554
3395,1741.7611
3396,1777.948
3397,2271.4355
3398,2362.414
3399,6213.655
3400,325.52466
3401,805.2365
3402,2059.5796
3403,1285.6293
3404,1716.6276
3405,4732.9297
3406,1750.2109
3407,2287.3918
3408,1545.3839
3409,2883.8623
3410,2065.7588
3411,4955.8394
3412,4303.8037
3413,1392.6063
3414,4499.305
3415,2388.006
3416,1423.3024
3417,3617.6665
3418,1394.8679
3419,799.5956
3420,2576.3557
3421,1126.7296
3422,1437.234
3423,1930.7008
3424,2450.022
3425,3132.0293
3426,3191.6074
3427,1256.178
3428,1745.101
3429,2522.6194
3430,2055.031
3431,2888.853
3432,1159.7123
3433,1315.0808
3434,300.58313
3435,1787.2567
3436,1752.9636
3437,5154.673
3438,871.279
3439,3491.9285
3440,4312.311
3441,1615.1951
3442,479.55457
3443,2409.7163
3444,3166.748
3445,2186.2603
3446,1612.9171
3447,1623.4861
3448,770.5353
3449,3486.97
3450,2020.6746
3451,1666.1815
3452,4775.7837
3453,2208.6082
3454,3773.433
3455,3453.967
3456,2296.2493
3457,3616.0195
3458,816.9768
3459,5579.1997
3460,723.86273
3461,2122.0527
3462,-218.23502
3463,3342.048
3464,2141.0405
3465,683.7069
3466,2794.1072
3467,1012.08203
3468,208.97139
3469,2558.1694
3470,1463.6167
3471,1898.1764
3472,2533.6152
3473,106.050415
3474,1316.1447
3475,3264.0515
3476,1879.6389
3477,2719.7231
3478,1350.1707
3479,2077.3713
3480,730.19366
3481,849.4797
3482,5935.9146
3483,1541.0223
3484,1313.3613
3485,2526.142
3486,3438.3103
3487,1019.42316
3488,240.69852
3489,2484.0447
3490,275.75885
3491,4211.028
3492,1997.4813
3493,1941.2172
3494,616.40894
3495,2692.6978
3496,3971.353
3497,971.6137
3498,3394.9167
3499,1858.9645
3500,3866.9348
3501,1360.7714
3502,-220.82137
3503,2057.9702
3504,1069.8956
3505,2601.8215
3506,2718.791
3507,3520.4438
3508,2161.0261
3509,1836.4034
3510,740.5025
3511,3239.043
3512,1384.8112
3513,3495.3086
3514,492.56445
3515,89.54414
3516,1300.9266
3517,4849.461
3518,2828.417
3519,3338.6423
3520,3132.6074
3521,2584.217
3522,3841.9941
3523,3192.8025
3524,3401.9006
3525,4746.43
3526,4487.893
3527,2212.2007
3528,2101.9646
3529,3772.3215
3530,2388.6003
3531,3659.7324
3532,1266.6057
3533,3712.0623
3534,4536.0674
3535,3861.728
3536,302.17154
3537,5244.6475
3538,1025.9751
3539,3334.6138
3540,2589.057
3541,675.8823
3542,1494.0431
3543,2141.6982
3544,898.0739
3545,1993.5564
3546,2224.0627
3547,2477.0718
3548,1567.3665
3549,1094.6361
3550,1720.2825
3551,2537.578
3552,2493.2488
3553,734.11084
3554,1290.2656
3555,604.6327
3556,3249.0928
3557,470.7878
3558,592.18115
3559,3476.1414
3560,5262.2
3561,1526.1237
3562,4052.2976
3563,1128.1896
3564,2828.6348
3565,1687.2524
3566,268.161
3567,1924.9796
3568,1725.0521
3569,3786.5747
3570,424.6979
3571,2799.1985
3572,2884.7168
3573,2703.3738
3574,3176.56
3575,644.2724
3576,6070.1323
3577,3405.3523
3578,2485.6733
3579,1263.5944
3580,2012.8518
3581,4376.1553
3582,4232.9097
3583,4361.467
3584,1673.3062
3585,2391.695
3586,211.34218
3587,2148.5085
3588,2691.5278
3589,4076.0613
3590,850.80194
3591,2633.5176
3592,767.2858
3593,1776.8865
3594,1265.958
3595,1433.7731
3596,336.35568
3597,2992.122
3598,3556.7595
3599,1402.8433
3600,245.1188
3601,2116.53
3602,1500.0199
3603,1793.9457
3604,-260.05252
3605,2725.4438
3606,1734.3356
3607,814.6061
3608,311.29395
3609,3400.5076
3610,2184.3892
3611,3929.4834
3612,2747.9314
3613,566.7353
3614,1028.9982
3615,1798.069
3616,2707.4514
3617,1783.1292
3618,735.9853
3619,7264.2036
3620,4979.064
3621,1753.2458
3622,3942.7612
3623,2133.7678
3624,3120.746
3625,1435.2306
3626,2103.7283
3627,1616.0706
3628,238.91612
3629,4277.3657
3630,1760.1514
3631,2149.971
3632,268.1767
3633,2985.867
3634,2475.597
3635,528.9628
3636,3927.9104
3637,3573.4424
3638,48.297874
3639,2306.6475
3640,4358.7173
3641,932.3036
3642,971.12177
3643,1680.4845
3644,3579.4417
3645,1086.7056
3646,616.8138
3647,2435.4458
3648,894.4786
3649,2408.5032
3650,1839.8953
3651,2302.9692
3652,3282.215
3653,3088.5142
3654,2348.2046
3655,1915.2208
3656,2969.497
3657,808.0156
3658,2323.4045
3659,1652.41
3660,3927.0605
3661,6132.6113
3662,2194.266
3663,2761.4243
3664,348.37897
3665,2978.7803
3666,2682.0723
3667,236.7874
3668,544.09393
3669,1140.8419
3670,525.0321
3671,312.78696
3672,3468.835
3673,2897.2476
3674,2525.7021
3675,3226.9424
3676,1243.5581
3677,1870.8141
3678,1846.052
3679,273.72064
3680,3448.4307
3681,3416.5347
3682,2015.045
3683,273.33316
3684,1809.5587
3685,3361.6436
3686,1690.7781
3687,3763.5334
3688,1701.8914
3689,2690.3625
3690,2287.1758
3691,2720.306
3692,4954.9375
3693,1572.2272
3694,2441.5024
3695,1179.417
3696,938.3059
3697,2940.925
3698,4086.9314
3699,1150.5394
3700,2313.292
3701,1734.7229
3702,4465.386
3703,268.23053
3704,3528.744
3705,744.4795
3706,2223.3357
3707,1253.3668
3708,1480.4243
3709,2049.6436
3710,2087.4253
3711,2234.8853
3712,1467.4128
3713,3271.5305
3714,2744.2703
3715,3375.5627
3716,1461.3661
3717,4941.5854
3718,2814.0066
3719,5640.7026
3720,754.7984
3721,3682.6555
3722,2087.0234
3723,2013.0619
3724,804.1936
3725,2058.6443
3726,2338.3691
3727,3824.101
3728,563.2095
3729,1554.1913
3730,2558.9922
3731,2128.9182
3732,724.66003
3733,2285.9624
3734,870.7398
3735,166.52228
3736,2800.262
3737,2376.2825
3738,3140.321
3739,3228.586
3740,1413.3926
3741,637.8106
3742,784.5832
3743,4140.127
3744,3974.721
3745,2135.7302
3746,432.78876
3747,1965.0747
3748,1559.8284
3749,2175.5747
3750,192.67978
3751,3582.8955
3752,2883.9949
3753,2027.1774
3754,2099.475
3755,2165.7605
3756,563.9219
3757,2743.2693
3758,2725.352
3759,1171.9775
3760,2461.544
3761,3809.0405
3762,1578.8652
3763,3062.4226
3764,2547.996
3765,569.7956
3766,1899.9116
3767,4281.295
3768,1189.3063
3769,1097.9141
3770,2090.6597
3771,3520.3054
3772,682.99896
3773,3805.723
3774,2182.0676
3775,373.73825
3776,4029.7363
3777,939.9793
3778,2820.288
3779,954.4179
3780,1323.1167
3781,1827.9648
3782,712.217
3783,2182.8745
3784,503.21072
3785,1606.2151
3786,1316.1865
3787,-66.915
3788,4187.4033
3789,1587.5392
3790,1605.5516
3791,1186.3116
3792,613.3049
3793,708.45123
3794,4008.3125
3795,2779.1836
3796,5399.3833
3797,7196.939
3798,3432.3728
3799,4074.2314
3800,1439.0571
3801,3037.2058
3802,1732.6351
3803,2237.7563
3804,159.56268
3805,4544.8345
3806,510.0288
3807,2847.621
3808,4329.712
3809,2803.488
3810,748.3089
3811,1773.0641
3812,2995.68
3813,337.867
3814,1243.5308
3815,997.4559
3816,1426.3735
3817,4058.6772
3818,2744.1067
3819,3029.2505
3820,2207.272
3821,3003.1106
3822,1408.0435
3823,3364.262
3824,2899.557
3825,643.73346
3826,2276.849
3827,1176.1976
3828,2287.9023
3829,3427.7148
3830,4625.768
3831,1900.1913
3832,5398.158
3833,2305.8877
3834,1208.5665
3835,5882.989
3836,1650.9626
3837,1462.5771
3838,1196.887
3839,1929.4994
3840,3236.9834
3841,3137.958
3842,418.14877
3843,1607.5898
3844,3935.6287
3845,547.8056
3846,3258.377
3847,166.41937
3848,92.221794
3849,1250.4114
3850,3519.6252
3851,3897.3267
3852,1340.7634
3853,1133.3389
3854,3388.327
3855,689.41974
3856,1008.20966
3857,2733.4197
3858,3027.7659
3859,3093.9443
3860,708.12933
3861,2449.9702
3862,-42.774143
3863,6540.8574
3864,2066.81
3865,-384.4746
3866,361.71695
3867,2381.1895
3868,1811.4526
3869,3237.4548
3870,692.6739
3871,3486.9395
3872,2233.7502
3873,2045.492
3874,1687.3596
3875,303.93826
3876,2078.7983
3877,887.4754
3878,110.04045
3879,1470.514
3880,3837.559
3881,2175.5288
3882,1226.1707
3883,2826.7197
3884,2493.0598
3885,2077.391
3886,982.2156
3887,302.72632
3888,4630.538
3889,3023.4197
3890,2322.8618
3891,3801.3447
3892,827.9379
3893,144.59035
3894,2325.8252
3895,393.79785
3896,1476.4857
3897,1669.8124
3898,379.6802
3899,2447.822
3900,1074.9292
3901,978.3779
3902,1038.1802
3903,1440.2413
3904,832.75073
3905,8377.002
3906,619.3245
3907,4472.4443
3908,187.04695
3909,1119.9723
3910,2429.377
3911,1507.355
3912,3297.6765
3913,1337.0576
3914,1952.6351
3915,4753.3174
3916,1729.4906
3917,3890.7498
3918,2788.0522
3919,2039.1621
3920,2042.4277
3921,2624.5493
3922,5575.4985
3923,2395.6
3924,1693.2548
3925,2083.3862
3926,2052.736
3927,1896.9977
3928,208.90414
3929,2047.3201
3930,2035.5695
3931,709.8243
3932,1979.5326
3933,2893.198
3934,2221.4946
3935,1952.8655
3936,1904.6389
3937,760.20154
3938,763.4628
3939,375.1976
3940,1381.5936
3941,2903.5344
3942,1909.4648
3943,967.61896
3944,711.4379
3945,1780.4109
3946,1136.9442
3947,785.10144
3948,1227.2094
3949,3115.8147
3950,1821.0614
3951,2139.0364
3952,713.24805
3953,1611.7372
3954,2354.0737
3955,3088.445
3956,1544.1896
3957,4378.511
3958,3787.209
3959,405.7386
3960,1241.8558
3961,2380.8394
3962,4792.992
3963,3026.808
3964,2382.239
3965,894.5827
3966,3554.7183
3967,4523.7124
3968,2181.107
3969,2835.1602
3970,324.685
3971,2052.6218
3972,3970.078
3973,2170.7363
3974,3816.252
3975,2537.8926
3976,2468.1995
3977,869.0534
3978,2203.0586
3979,512.0465
3980,1455.6456
3981,1425.3083
3982,3008.8164
3983,507.3376
3984,2778.1753
3985,3444.5166
3986,3355.231
3987,907.05707
3988,1199.4652
3989,2015.2529
3990,546.5427
3991,5651.288
3992,703.92816
3993,4443.717
3994,240.65991
3995,3063.8167
3996,1677.5269
3997,2784.1948
3998,3936.458
3999,1114.0435
4000,130.53241
4001,1179.4862
4002,1610.2517
4003,499.03024
4004,4367.3555
4005,1336.4088
4006,1861.6644
4007,4578.592
4008,276.5202
4009,1367.8529
4010,20.11626
4011,2286.6313
4012,1112.1146
4013,1773.8522
4014,3400.617
4015,664.21027
4016,2126.6267
4017,280.14728
4018,1448.1986
4019,5348.465
4020,5135.4185
4021,4441.0034
4022,3398.659
4023,3019.0833
4024,2658.9814
4025,763.6197
4026,270.76913
4027,2557.5278
4028,2182.639
4029,1944.1565
4030,848.9282
4031,2992.1719
4032,3453.0454
4033,2646.9497
4034,3085.0603
4035,2768.549
4036,350.32693
4037,2041.864
4038,3063.3762
4039,3798.4211
4040,3512.7737
4041,1296.8586
4042,209.75912
4043,3599.075
4044,5181.1245
4045,3453.6953
4046,96.54387
4047,1862.362
4048,354.52356
4049,2418.3777
4050,1998.6823
4051,1151.049
4052,408.836
4053,900.8834
4054,238.9079
4055,4606.098
4056,5121.741
4057,6447.798
4058,667.57654
4059,-131.7721
4060,1412.7749
4061,3019.619
4062,2574.055
4063,3845.775
4064,768.10187
4065,1934.6528
4066,3335.067
4067,2248.8726
4068,4544.9014
4069,-561.6723
4070,4106.348
4071,2255.094
4072,2865.6943
4073,4116.816
4074,2367.6953
4075,3576.4768
4076,1339.4812
4077,32.063248
4078,3230.3938
4079,4020.4456
4080,2051.6
4081,1723.7754
4082,2654.192
4083,683.2809
4084,867.25665
4085,879.9527
4086,5519.029
4087,3860.1584
4088,3197.3625
4089,3195.2412
4090,3070.5154
4091,2577.7415
4092,2928.9668
4093,895.202
4094,387.08768
4095,1923.5641
4096,1518.2865
4097,-8.847759
4098,1910.1859
4099,1868.3899
4100,3338.3823
4101,1583.9391
4102,2079.102
4103,2676.2722
4104,172.51257
4105,2985.4624
4106,3752.9355
4107,2760.354
4108,434.33008
4109,3431.8838
4110,1721.1023
4111,1264.1333
4112,2369.5269
4113,2092.4731
4114,2581.2747
4115,2100.3179
4116,828.8286
4117,1414.4077
4118,2391.223
4119,871.819
4120,1492.6444
4121,4009.632
4122,882.6678
4123,1589.3951
4124,3160.5137
4125,3373.9429
4126,928.5157
4127,261.20596
4128,1554.3851
4129,988.8403
4130,4634.9517
4131,3297.0195
4132,437.19537
4133,2755.6035
4134,4170.2983
4135,1689.7595
4136,311.7229
4137,3061.7217
4138,806.9157
4139,1981.2578
4140,4069.964
4141,2453.6829
4142,1232.7142
4143,2601.2993
4144,3424.7905
4145,1992.0377
4146,6718.082
4147,94.00901
4148,1463.2301
4149,2664.0208
4150,2724.6353
4151,737.884
4152,4624.466
4153,67.05432
4154,2480.324
4155,778.58545
4156,1418.8434
4157,1552.9792
4158,3892.6816
4159,486.70047
4160,2334.845
4161,550.1467
4162,1136.1039
4163,4136.589
4164,2331.608
4165,2168.506
4166,310.94205
4167,3524.8074
4168,2888.8
4169,1687.2598
4170,3696.336
4171,2122.899
4172,1493.297
4173,2381.2783
4174,3864.2803
4175,2427.3726
4176,1872.5254
4177,2584.3235
4178,2936.6753
4179,1454.7164
4180,3273.4443
4181,714.77856
4182,3960.6719
4183,890.0194
4184,1741.265
4185,6659.989
4186,824.8006
4187,244.15701
4188,1148.4789
4189,1366.779
4190,652.4414
4191,842.2495
4192,3938.0715
4193,1481.5004
4194,3807.1665
4195,3387.51
4196,2995.7712
4197,2742.8706
4198,1917.4586
4199,2864.075
4200,2682.2915
4201,2456.1157
4202,2575.3682
4203,2520.212
4204,2171.2996
4205,4526.892
4206,1901.7506
4207,1778.8447
4208,362.48404
4209,3837.959
4210,285.54337
4211,2522.2134
4212,224.00133
4213,2080.5918
4214,5026.0186
4215,362.74005
4216,2469.2393
4217,1559.001
4218,2247.619
4219,5333.164
4220,1076.1064
4221,2118.998
4222,3213.211
4223,1070.3378
4224,458.53452
4225,1891.4542
4226,258.87708
4227,1498.6556
4228,1863.629
4229,-31.733383
4230,2423.848
4231,365.0092
4232,1306.1278
4233,2228.0452
4234,1685.8622
4235,1159.7037
4236,2675.5835
4237,2083.7007
4238,823.02295
4239,1617.7396
4240,683.9725
4241,2444.0989
4242,1563.2529
4243,1333.2498
4244,1453.4697
4245,-20.940796
4246,1929.2378
4247,2184.2305
4248,888.3154
4249,3835.1907
4250,80.876526
4251,5752.7686
4252,1236.5334
4253,407.49664
4254,1693.5684
4255,-166.09114
4256,1362.9929
4257,1154.3428
4258,1125.4344
4259,749.42676
4260,3142.6377
4261,4087.808
4262,97.31777
4263,3396.0713
4264,564.5094
4265,3656.005
4266,984.6387
4267,2102.7375
4268,2470.5203
4269,2141.6357
4270,5641.573
4271,1774.2876
4272,1031.0005
4273,3434.7146
4274,3840.8262
4275,1807.3276
4276,430.88617
4277,5912.118
4278,2530.502
4279,5161.977
4280,4326.3716
4281,1739.697
4282,1716.0656
4283,1835.534
4284,3805.8699
4285,1821.1323
4286,2365.233
4287,1946.1055
4288,10.243098
4289,1846.9602
4290,3011.5405
4291,339.26007
4292,1256.6561
4293,377.27463
4294,2643.3943
4295,3278.758
4296,1692.0536
4297,2109.681
4298,1634.5862
4299,-1005.9595
4300,942.8688
4301,2098.689
4302,325.95853
4303,1943.5496
4304,1445.709
4305,1324.159
4306,1022.3744
4307,3117.188
4308,746.56573
4309,1301.7406
4310,3103.5466
4311,2978.8232
4312,3739.1775
4313,3269.2454
4314,1257.5193
4315,231.8457
4316,1692.9672
4317,162.46486
4318,3031.832
4319,3864.0583
4320,1061.4692
4321,90.12536
4322,709.6617
4323,2253.268
4324,2567.9387
4325,1423.5178
4326,3111.8552
4327,918.0144
4328,-574.4328
4329,2709.9094
4330,1652.2413
4331,3312.0347
4332,3535.155
4333,685.4575
4334,2784.889
4335,471.45413
4336,788.1995
4337,1923.2021
4338,1256.0815
4339,1733.0485
4340,-113.2106
4341,2513.3008
4342,3036.0496
4343,1145.9438
4344,1532.812
4345,1138.4656
4346,3416.617
4347,960.79724
4348,1393.798
4349,697.33014
4350,224.70003
4351,4180.133
4352,3596.3845
4353,2817.1997
4354,4829.749
4355,1486.1796
4356,2421.6543
4357,2126.5627
4358,656.3919
4359,1084.3243
4360,579.8995
4361,4339.1226
4362,5185.8853
4363,1874.8036
4364,2426.1392
4365,687.782
4366,4982.512
4367,2298.3347
4368,2388.0535
4369,737.8399
4370,1872.3245
4371,5213.575
4372,910.44104
4373,1578.4186
4374,3258.5784
4375,2131.2283
4376,939.9354
4377,972.05884
4378,5455.549
4379,5156.512
4380,1778.3961
4381,6016.506
4382,1709.7842
4383,3404.6006
4384,3008.4524
4385,3343.3474
4386,1888.6019
4387,805.3524
4388,1715.9742
4389,1344.5115
4390,3880.0845
4391,832.9152
4392,2052.4998
4393,1030.3707
4394,2905.67
4395,3495.9097
4396,2537.9915
4397,1228.0765
4398,1011.25
4399,1743.2568
4400,1056.18
4401,112.50276
4402,1008.18
4403,1817.5499
4404,1766.6971
4405,1301.1173
4406,5672.898
4407,1957.2963
4408,1364.6361
4409,147.49661
4410,1251.782
4411,1476.9471
4412,3026.5588
4413,3255.8088
4414,3896.8694
4415,1105.0623
4416,2534.3533
4417,2677.4072
4418,59.967667
4419,1482.314
4420,581.485
4421,-149.17429
4422,1615.4192
4423,3098.1594
4424,770.3062
4425,1719.85
4426,2601.984
4427,4158.8394
4428,3523.8557
4429,1600.1993
4430,667.4287
4431,198.05638
4432,4714.8696
4433,949.9143
4434,3738.1921
4435,253.7184
4436,1613.9409
4437,2585.01
4438,239.21454
4439,1141.631
4440,389.82294
4441,2683.8728
4442,911.4
4443,660.45825
4444,4036.1882
4445,2051.928
4446,112.36016
4447,1393.8373
4448,2166.8394
4449,1985.6583
4450,752.7779
4451,166.61464
4452,1955.9801
4453,1304.7653
4454,2513.4421
4455,175.97626
4456,1178.0609
4457,964.31854
4458,1532.4071
4459,-227.2655
4460,1568.2769
4461,4482.775
4462,4542.1616
4463,628.3978
4464,2815.0742
4465,1858.0206
4466,2303.8123
4467,2151.2842
4468,651.8076
4469,1483.5936
4470,2389.6973
4471,1200.2803
4472,1159.3417
4473,3576.184
4474,2203.8518
4475,2486.9915
4476,3527.2542
4477,1161.5164
4478,1293.6614
4479,1504.0719
4480,-87.55201
4481,1032.8071
4482,1985.5519
4483,3556.1404
4484,569.7425
4485,3556.4622
4486,2666.3303
4487,2855.8303
4488,3924.0608
4489,1396.2543
4490,2400.505
4491,2640.4944
4492,2916.658
4493,1433.509
4494,1223.9819
4495,2243.8127
4496,50.842358
4497,3587.823
4498,2664.9854
4499,3812.6924
4500,2845.6396
4501,2878.0781
4502,1401.4885
4503,3906.1956
4504,3110.7922
4505,-142.62277
4506,2257.5806
4507,4644.293
4508,5369.9155
4509,2007.5989
4510,3241.9404
4511,356.13077
4512,3528.59
4513,3981.3687
4514,2654.301
4515,684.0995
4516,1591.7642
4517,3363.718
4518,2828.6455
4519,4085.537
4520,2229.4
4521,1510.5835
4522,1620.7278
4523,3988.9146
4524,1924.6848
4525,1519.7455
4526,4622.9595
4527,4660.138
4528,4501.552
4529,5259.374
4530,533.33673
4531,1436.7185
4532,715.3307
4533,4516.907
4534,205.83984
4535,1298.5049
4536,2804.4204
4537,904.6311
4538,2388.216
4539,3973.8267
4540,2679.928
4541,1943.3895
4542,1112.2863
4543,-281.1444
4544,2856.4766
4545,233.93402
4546,5102.9365
4547,1962.1223
4548,1789.8789
4549,209.54318
4550,3000.2139
4551,511.1603
4552,2088.9788
4553,3748.6997
4554,2040.5756
4555,2284.7292
4556,5029.667
4557,743.8695
4558,3461.9329
4559,2529.6506
4560,2612.699
4561,122.36662
4562,758.6918
4563,3505.4504
4564,2257.5198
4565,3720.921
4566,3936.454
4567,2392.023
4568,3339.3127
4569,3827.9258
4570,4841.309
4571,253.31548
4572,3571.33
4573,3375.5503
4574,1718.222
4575,-148.94112
4576,4521.0767
4577,616.34814
4578,1878.1123
4579,681.89954
4580,3845.5833
4581,3134.3123
4582,1541.7931
4583,3533.3416
4584,2617.796
4585,2290.9202
4586,5621.1133
4587,3899.8555
4588,2210.6538
4589,2119.0857
4590,550.1335
4591,149.61455
4592,4598.7695
4593,4944.179
4594,2155.3154
4595,2835.0085
4596,2721.613
4597,2719.0015
4598,1853.2421
4599,1381.0358
4600,1342.2703
4601,4324.023
4602,2245.8218
4603,1578.1138
4604,1188.508
4605,2343.1663
4606,2080.9736
4607,1101.2064
4608,3001.8076
4609,2327.9407
4610,4211.169
4611,2263.7368
4612,1832.0781
4613,2337.3728
4614,667.6266
4615,2493.179
4616,1192.8396
4617,1869.699
4618,3959.607
4619,607.8074
4620,699.16016
4621,4328.5327
4622,4625.28
4623,1825.397
4624,1101.5118
4625,4338.922
4626,663.8899
4627,5432.01
4628,2640.012
4629,2219.6763
4630,4182.8975
4631,344.39252
4632,136.14824
4633,1433.9725
4634,3721.505
4635,1882.4729
4636,4037.049
4637,696.46533
4638,2644.37
4639,2726.5078
4640,185.34717
4641,3054.3289
4642,1489.6414
4643,3861.8672
4644,3755.237
4645,2711.6123
4646,2175.3381
4647,3558.9238
4648,1526.132
4649,1711.5809
4650,832.1581
4651,1063.588
4652,1441.7341
4653,-210.52185
4654,121.68885
4655,757.72296
4656,4195.874
4657,1069.2959
4658,1166.9591
4659,808.0526
4660,145.74211
4661,4006.0938
4662,1214.0979
4663,2811.9556
4664,1601.9451
4665,663.5185
4666,2994.3894
4667,1531.461
4668,2804.201
4669,1175.9377
4670,1616.8748
4671,91.40508
4672,134.76399
4673,3881.4214
4674,346.36475
4675,2156.1963
4676,822.57465
4677,1555.8075
4678,1108.344
4679,4708.911
4680,2389.2075
4681,2034.6971
4682,697.0794
4683,234.74593
4684,2441.5505
4685,292.6384
4686,1253.7932
4687,731.0044
4688,3724.29
4689,394.74496
4690,632.2897
4691,2799.9497
4692,1422.1892
4693,3711.022
4694,3193.7146
4695,1975.385
4696,3556.2078
4697,1524.5415
4698,2761.4426
4699,2013.5386
4700,2941.1067
4701,602.0422
4702,2753.4941
4703,1113.6045
4704,2844.5493
4705,691.42645
4706,742.0151
4707,4489.2163
4708,316.16537
4709,2837.2449
4710,2254.823
4711,3934.3306
4712,1351.756
4713,212.99211
4714,2238.1875
4715,3023.0967
4716,2518.5393
4717,2054.4094
4718,990.23706
4719,500.4081
4720,2786.4917
4721,3897.1936
4722,312.98648
4723,3040.9487
4724,2634.2695
4725,3372.4028
4726,212.02792
4727,-50.371365
4728,1784.7625
4729,2169.7551
4730,2025.0184
4731,1274.6045
4732,3700.578
4733,217.562
4734,1139.6132
4735,1084.8307
4736,919.65045
4737,1830.6208
4738,1935.9548
4739,2232.9524
4740,3006.6025
4741,38.185806
4742,1956.1353
4743,3472.9182
4744,4272.03
4745,469.38675
4746,3375.9697
4747,1885.5677
4748,2630.8494
4749,4054.448
4750,4055.4976
4751,757.78674
4752,3010.836
4753,2624.5535
4754,3753.6086
4755,-796.57227
4756,1862.5299
4757,2139.9785
4758,2696.438
4759,1910.1699
4760,684.6424
4761,4554.7827
4762,1047.102
4763,365.102
4764,2225.6284
4765,-18.715937
4766,2804.9675
4767,3825.567
4768,1755.077
4769,973.4251
4770,200.93683
4771,3292.4385
4772,-14.91924
4773,613.7333
4774,2597.0312
4775,-15.806005
4776,2556.3376
4777,2324.601
4778,1468.2782
4779,159.9922
4780,1123.3099
4781,3018.4656
4782,1863.4509
4783,1102.8529
4784,742.3228
4785,3513.402
4786,3602.8271
4787,3763.2034
4788,2186.5037
4789,2885.33
4790,3587.4043
4791,645.273
4792,2191.2095
4793,2944.306
4794,1473.5948
4795,3828.425
4796,3244.574
4797,1227.6307
4798,3712.897
4799,461.4277
4800,6168.7886
4801,57.794636
4802,4044.8413
4803,239.74829
4804,383.70905
4805,2621.8699
4806,376.7327
4807,2159.1736
4808,1754.3129
4809,1897.8314
4810,4544.8823
4811,1466.1426
4812,193.36113
4813,2889.604
4814,1940.0995
4815,2408.5063
4816,1251.3115
4817,817.2759
4818,2132.093
4819,2066.892
4820,-97.40852
4821,1948.0709
4822,1679.75
4823,1111.1942
4824,326.1838
4825,4048.812
4826,1332.8612
4827,1977.2104
4828,1336.766
4829,1588.5535
4830,225.14587
4831,2766.9536
4832,846.9019
4833,454.01288
4834,2066.2598
4835,2029.9625
4836,4156.003
4837,467.90247
4838,3209.941
4839,3935.8662
4840,3401.6204
4841,2318.4338
4842,171.23102
4843,2408.1086
4844,1280.0952
4845,3680.6665
4846,134.52142
4847,3573.6052
4848,3589.2373
4849,2124.4578
4850,2664.5957
4851,2702.278
4852,2434.566
4853,2077.02
4854,354.18488
4855,1986.8945
4856,2388.3953
4857,3425.6719
4858,751.20026
4859,3671.8215
4860,2850.8452
4861,2904.867
4862,1421.9612
4863,3267.4333
4864,750.80554
4865,2613.127
4866,5179.132
4867,4901.935
4868,2428.1787
4869,2028.5725
4870,1146.7599
4871,485.82812
4872,5069.301
4873,2136.4036
4874,3906.0005
4875,1914.2478
4876,2496.6245
4877,1228.6097
4878,307.1326
4879,1419.9857
4880,604.11096
4881,2.7955225
4882,768.461
4883,3367.6812
4884,1281.6438
4885,2804.6235
4886,4629.146
4887,2541.0862
4888,-101.70598
4889,4510.1157
4890,1422.7511
4891,1472.8735
4892,3478.1729
4893,2048.0864
4894,1502.6935
4895,2033.317
4896,1277.553
4897,3436.9963
4898,3501.5518
4899,1340.3761
4900,2477.0176
4901,2693.5583
4902,0.55908
4903,1706.1204
4904,4897.471
4905,3492.7676
4906,185.10469
4907,1199.9055
4908,680.1967
4909,2552.646
4910,4122.259
4911,4627.7056
4912,1853.1897
4913,3413.621
4914,797.4041
4915,1294.6257
4916,2325.946
4917,-42.66734
4918,2535.6255
4919,112.20664
4920,2552.0374
4921,7875.434
4922,1559.7821
4923,3575.1697
4924,2954.9246
4925,2513.807
4926,1099.5154
4927,1655.837
4928,76.99381
4929,3726.6885
4930,579.4124
4931,4301.139
4932,3228.8755
4933,2398.9792
4934,2492.045
4935,660.153
4936,2788.1555
4937,2001.4841
4938,1724.6698
4939,3809.469
4940,2306.9897
4941,1138.5847
4942,1885.395
4943,2316.3855
4944,1798.0802
4945,1688.214
4946,1558.9504
4947,2518.2444
4948,1345.2467
4949,477.6635
4950,2722.7004
4951,2518.1826
4952,2333.5078
4953,1616.9971
4954,2365.0396
4955,2751.8425
4956,2557.507
4957,3319.2146
4958,137.0273
4959,330.49738
4960,1243.6968
4961,2240.7646
4962,1961.1682
4963,1573.69
4964,547.87317
4965,1537.0372
4966,56.503643
4967,2345.1812
4968,5730.8774
4969,633.59503
4970,1722.0507
4971,-162.42256
4972,1095.0515
4973,1930.0017
4974,2584.65
4975,1542.8185
4976,20.626553
4977,931.9356
4978,2086.2717
4979,1598.2859
4980,3537.3096
4981,3916.7812
4982,1801.396
4983,929.05176
4984,2863.552
4985,142.92657
4986,2906.897
4987,1973.5785
4988,1478.2268
4989,537.0939
4990,983.75696
4991,7327.7354
4992,804.81647
4993,626.76086
4994,4632.529
4995,429.29913
4996,1667.7513
4997,2113.276
4998,344.83594
4999,-50.905884
5000,341.1344
5001,1138.8977
5002,1575.6847
5003,1101.9845
5004,1416.2461
5005,1675.231
5006,1302.8041
5007,728.37787
5008,675.04333
5009,2416.4739
5010,2068.5974
5011,1995.9862
5012,681.40753
5013,3561.5642
5014,4803.6523
5015,1427.7311
5016,-72.16799
5017,3927.855
5018,1073.8818
5019,1644.4034
5020,1188.6707
5021,631.2816
5022,835.747
5023,2172.639
5024,1738.1914
5025,2044.844
5026,180.3572
5027,294.22873
5028,1380.9651
5029,1571.941
5030,2318.5186
5031,65.10865
5032,2074.2166
5033,1485.8102
5034,1267.3167
5035,4816.904
5036,5106.5366
5037,4892.0874
5038,1906.0985
5039,1215.2129
5040,3457.607
5041,4253.5366
5042,4381.972
5043,643.20154
5044,2413.5735
5045,2122.6135
5046,177.12003
5047,717.8796
5048,2361.6785
5049,4051.1277
5050,4175.65
5051,372.0095
5052,1194.7612
5053,4259.694
5054,546.70984
5055,3828.1653
5056,3613.5059
5057,3521.9675
5058,908.8552
5059,2974.8354
5060,3855.4312
5061,466.9216
5062,2954.5603
5063,2588.6707
5064,1682.85
5065,2215.0613
5066,3841.2732
5067,2228.6785
5068,1489.0665
5069,2072.9631
5070,2188.5544
5071,48.288795
5072,822.6137
5073,1278.3302
5074,2725.0286
5075,1756.2682
5076,3445.9832
5077,2536.251
5078,5046.6475
5079,5891.0273
5080,1874.3792
5081,2115.8896
5082,1301.9276
5083,3419.7817
5084,3441.8408
5085,2154.2869
5086,4159.5845
5087,2885.2397
5088,219.26956
5089,2417.4766
5090,3551.7622
5091,1903.1328
5092,4186.0854
5093,1564.8837
5094,4226.8438
5095,2636.486
5096,2207.9736
5097,1793.2168
5098,511.8922
5099,2268.6697
5100,2688.1213
5101,866.95197
5102,177.95996
5103,3619.6428
5104,2519.5994
5105,577.44275
5106,808.3375
5107,2124.6152
5108,3395.98
5109,493.80734
5110,1271.8153
5111,1899.9943
5112,184.14415
5113,1678.4644
5114,573.37976
5115,1150.6283
5116,1.3185072
5117,2078.1475
5118,679.4053
5119,3506.5847
5120,480.5368
5121,-49.311264
5122,-448.07202
5123,907.1076
5124,2104.3975
5125,1784.3898
5126,891.61346
5127,1053.9105
5128,4040.7437
5129,2279.9175
5130,2178.954
5131,2013.3236
5132,2047.3362
5133,954.8041
5134,4446.022
5135,3594.685
5136,4343.9854
5137,2201.0405
5138,1787.2776
5139,3247.2893
5140,2668.868
5141,2569.0425
5142,2067.7544
5143,624.9748
5144,3367.7573
5145,1516.8282
5146,2383.67
5147,3909.2336
5148,1482.0146
5149,3461.4941
5150,2936.2285
5151,3666.8008
5152,4793.7354
5153,1525.5084
5154,2982.9673
5155,766.9052
5156,2820.3442
5157,295.9525
5158,2583.6057
5159,2351.007
5160,2128.9324
5161,2896.6218
5162,2367.0024
5163,4849.3105
5164,2754.2341
5165,449.25443
5166,942.51044
5167,334.97104
5168,349.46317
5169,1988.586
5170,1271.1223
5171,1561.7754
5172,3117.7146
5173,4931.3135
5174,1306.2379
5175,182.36357
5176,2763.247
5177,2075.1794
5178,2763.2773
5179,1476.4797
5180,105.54248
5181,986.09174
5182,628.57043
5183,2400.6802
5184,1503.6644
5185,1335.303
5186,1475.2739
5187,1849.695
5188,2523.3699
5189,4227.194
5190,-139.69746
5191,540.1698
5192,1786.0933
5193,2079.5315
5194,4229.1235
5195,2080.9836
5196,1234.0314
5197,363.9669
5198,578.2265
5199,3509.7205
5200,2927.2583
5201,1641.2595
5202,1286.6855
5203,1096.7261
5204,3319.4346
5205,1227.2101
5206,4037.359
5207,2893.7473
5208,39.789013
5209,2757.97
5210,1663.0216
5211,5059.158
5212,284.1079
5213,2378.3726
5214,1764.3156
5215,2734.524
5216,1465.128
5217,3079.6758
5218,2533.1553
5219,3071.4868
5220,4052.4424
5221,1184.3038
5222,6760.996
5223,2.1404316
5224,2507.659
5225,2356.0117
5226,786.43115
5227,693.2941
5228,3154.3462
5229,718.4884
5230,4380.83
5231,800.7052
5232,2619.5752
5233,3043.4778
5234,3179.3936
5235,1637.6163
5236,1958.9597
5237,1925.1567
5238,2634.071
5239,1696.537
5240,2893.9985
5241,4619.1895
5242,2610.6404
5243,2481.714
5244,3777.8647
5245,2715.0698
5246,786.97174
5247,180.55177
5248,1272.7775
5249,915.58765
5250,2590.9863
5251,2235.271
5252,6028.3926
5253,2637.9922
5254,4325.093
5255,3271.9666
5256,3869.4348
5257,4491.036
5258,3037.127
5259,1239.2297
5260,750.46155
5261,3145.164
5262,43.701862
5263,7.9687543
5264,860.4353
5265,1721.9229
5266,4077.4775
5267,671.0467
5268,1088.7367
5269,1386.2896
5270,697.1789
5271,1465.589
5272,3053.1138
5273,5073.7686
5274,2102.1572
5275,970.8715
5276,3945.415
5277,285.7735
5278,2322.6
5279,1374.4343
5280,1694.9315
5281,808.9899
5282,1737.3715
5283,3190.1177
5284,1585.8762
5285,3096.3787
5286,3548.2786
5287,1287.7765
5288,509.4443
5289,1387.7172
5290,-155.14
5291,623.41486
5292,2749.3057
5293,-71.069695
5294,3935.6702
5295,2602.4375
5296,3280.883
5297,1964.4604
5298,1606.7461
5299,1547.5359
5300,1117.0695
5301,3776.3044
5302,2971.5378
5303,164.19484
5304,95.283356
5305,3897.2437
5306,2702.169
5307,1593.7402
5308,1103.109
5309,243.01901
5310,2833.7727
5311,2001.2263
5312,1071.7312
5313,3352.8142
5314,1816.2142
5315,5179.563
5316,768.42303
5317,145.39374
5318,2954.5537
5319,1912.3511
5320,4688.9517
5321,1292.1174
5322,4699.007
5323,1253.6074
5324,3136.7651
5325,1955.8971
5326,2818.8513
5327,182.7515
5328,5602.3105
5329,109.6589
5330,2358.528
5331,3307.4827
5332,2209.904
5333,474.84113
5334,2560.2834
5335,605.2927
5336,490.50327
5337,1254.975
5338,3632.9978
5339,3317.6016
5340,1863.1971
5341,1799.6461
5342,3179.797
5343,1507.4873
5344,2871.6292
5345,2693.5051
5346,1884.8733
5347,2964.8284
5348,5601.8643
5349,2401.9387
5350,584.5443
5351,1315.6394
5352,1960.2106
5353,2539.2356
5354,1917.9036
5355,4655.128
5356,1545.6041
5357,37.883926
5358,2329.5432
5359,1939.8401
5360,3141.3276
5361,2922.31
5362,169.61699
5363,1287.7278
5364,2737.648
5365,1595.9606
5366,1943.8207
5367,1701.8473
5368,1468.9573
5369,2122.8694
5370,-45.027775
5371,3110.2393
5372,577.14856
5373,4551.945
5374,2156.4714
5375,1544.4169
5376,962.57007
5377,627.8933
5378,1183.8215
5379,6584.5933
5380,2110.5498
5381,6185.3135
5382,4008.2976
5383,1229.6757
5384,2024.4858
5385,2250.631
5386,4677.3994
5387,2915.6802
5388,-7.4884033
5389,3159.272
5390,1699.9541
5391,1944.9111
5392,621.0752
5393,1923.1132
5394,2549.081
5395,4792.6963
5396,1288.5468
5397,2405.1602
5398,343.95496
5399,1561.2104
5400,2674.0542
5401,2802.436
5402,1321.011
5403,2100.431
5404,873.0574
5405,2449.376
5406,3292.3545
5407,4190.3022
5408,1936.6282
5409,1506.0762
5410,4919.789
5411,3452.1233
5412,3316.6929
5413,471.21558
5414,2051.1113
5415,1572.058
5416,576.2989
5417,2579.7002
5418,4687.6157
5419,964.45605
5420,2290.1438
5421,2181.42
5422,1435.3046
5423,23.185694
5424,1958.7845
5425,2915.3928
5426,3365.9243
5427,261.9785
5428,2973.8809
5429,1422.8618
5430,2185.833
5431,6513.603
5432,1893.1846
5433,4616.865
5434,815.7979
5435,101.96183
5436,2623.3982
5437,3117.7922
5438,2519.1453
5439,1372.9067
5440,745.8354
5441,3798.7527
5442,282.9357
5443,2514.2434
5444,266.6812
5445,515.48944
5446,1056.7544
5447,3666.5588
5448,3487.9082
5449,3294.2207
5450,-203.21426
5451,2207.9773
5452,2391.4563
5453,2715.8484
5454,3983.847
5455,355.2767
5456,3966.0876
5457,3865.152
5458,423.69037
5459,5951.555
5460,2314.6594
5461,2137.7341
5462,671.1752
5463,2045.1372
5464,2358.731
5465,-16.961578
5466,526.8232
5467,2093.1448
5468,2755.9646
5469,320.23425
5470,3194.103
5471,4522.09
5472,529.1496
5473,1617.8125
5474,3549.2185
5475,12.662337
5476,1588.2686
5477,3636.5024
5478,407.7341
5479,3259.6086
5480,2397.8918
5481,3549.2244
5482,174.67711
5483,3112.5098
5484,916.1357
5485,2284.1018
5486,3088.6716
5487,75.95339
5488,3396.6353
5489,2550.1306
5490,495.8288
5491,2989.9097
5492,1999.3208
5493,-273.15195
5494,1735.1799
5495,2578.9233
5496,3880.2236
5497,1849.3206
5498,2808.142
5499,1325.9934
5500,3907.0576
5501,2261.4236
5502,2213.8699
5503,1148.1538
5504,2439.2317
5505,1842.1985
5506,4342.653
5507,3308.9702
5508,1385.5173
5509,2782.1953
5510,1634.4076
5511,1798.2285
5512,2850.708
5513,1888.7966
5514,149.24376
5515,4657.6597
5516,1616.482
5517,2328.0247
5518,530.11957
5519,3992.7212
5520,1975.3339
5521,1207.5509
5522,1030.2476
5523,4186.685
5524,542.65704
5525,2437.965
5526,2539.2004
5527,2127.5813
5528,3358.9514
5529,1264.9492
5530,2015.5417
5531,2270.7493
5532,2635.6423
5533,3196.6182
5534,2951.184
5535,2047.813
5536,1499.1685
5537,3525.7612
5538,1553.5977
5539,1294.517
5540,680.9055
5541,4603.2964
5542,2807.9426
5543,2554.8137
5544,2303.8853
5545,1092.3938
5546,219.02797
5547,1595.8198
5548,3042.082
5549,1134.3514
5550,2492.831
5551,177.62065
5552,1427.827
5553,2619.1414
5554,3023.8933
5555,709.94147
5556,1007.08765
5557,985.441
5558,1949.5891
5559,2548.1223
5560,993.6165
5561,2699.2263
5562,1761.5234
5563,3780.957
5564,2047.0176
5565,2572.3806
5566,2973.225
5567,2403.9197
5568,1524.8186
5569,1340.0677
5570,1809.1448
5571,2218.6892
5572,-18.365877
5573,1685.4933
5574,3536.7278
5575,676.7778
5576,3031.614
5577,2489.851
5578,567.23193
5579,1989.1926
5580,307.0544
5581,2041.8945
5582,2036.6183
5583,159.40015
5584,648.3305
5585,1581.574
5586,2525.9072
5587,994.47675
5588,4116.9365
5589,3304.1094
5590,2979.5679
5591,2382.7507
5592,2339.5403
5593,2871.972
5594,2675.1863
5595,4594.547
5596,652.989
5597,1651.1414
5598,2523.208
5599,632.682
5600,369.4205
5601,3643.1755
5602,3770.4758
5603,3170.3193
5604,2436.7366
5605,2169.096
5606,2335.2686
5607,2586.167
5608,3900.8103
5609,6138.1606
5610,4099.5596
5611,2792.5862
5612,253.50545
5613,4213.1836
5614,3356.1282
5615,7292.6763
5616,2230.722
5617,1147.4803
5618,1106.7665
5619,2459.1946
5620,5866.879
5621,1511.4362
5622,3449.9202
5623,3429.5312
5624,3885.5916
5625,2869.317
5626,3388.4429
5627,3871.8684
5628,1826.6846
5629,1238.5731
5630,2978.4324
5631,2432.6477
5632,2421.9565
5633,2667.0796
5634,2026.6313
5635,2862.1953
5636,2008.8893
5637,3929.5254
5638,1706.214
5639,2232.669
5640,1379.8684
5641,851.8401
5642,2315.421
5643,-321.72458
5644,3467.614
5645,785.3821
5646,3142.6304
5647,646.9369
5648,5164.545
5649,1335.0844
5650,264.7808
5651,3180.892
5652,1777.6046
5653,1418.9336
5654,2334.6655
5655,3422.4023
5656,5050.6426
5657,4743.482
5658,2753.3247
5659,5043.4893
5660,2915.3413
5661,4373.3237
5662,3163.2888
5663,967.34393
5664,2357.863
5665,631.42194
5666,2672.9714
5667,1400.9319
5668,299.10925
5669,4564.144
5670,4544.2827
5671,652.0647
5672,5730.4053
5673,1703.2546
5674,733.12683
5675,1516.389
5676,1999.3024
5677,2510.72
5678,1831.8799
5679,4469.264
5680,1289.7039
